축제명,축제설명,f_요금,개최기간_시작,개최기간_종료,개최기간_총일수,개최장소_시도,개최장소_시군구,개최장소_읍면동,개최주기,최초개최연도,예산_합계,예산_국비,예산_지방비,예산_기타,방문객수_전체,방문객수_내국인,방문객수_외국인,방문객수_계측방법,f_관련 누리집,f_상세 URL,f_주최/주관기관,f_문의,addr1,mapx,mapy,first_image,dominant_macro,dominant_prob,topic_entropy,M1_자연계절,M2_역사문화,M3_먹거리특산물,M4_예술공연창작,M5_가족체험,M6_청년마켓,M7_과학레저
한강페스티벌,"꽃바람이 강을 건너오는 5월에는 아이의 눈과 어른의 마음을 흔드는 즐거움이 가득하다. 산중호걸 호랑님의 생일잔치 이야기로 어깨가 절로 덩실거리는 숲속 유랑단의 전통연희 거리극, 동물 친구들로 아기자기 장식한 유아차와 함께 걸음마다 웃음이 번지는 우리 가족 첫 봄나들이, 헤드셋을 끼고 힙하게 즐기는 사일런트 요가, 그리고 카약과 요트, 크루즈를 타고 한강 위에서 유유자적 푸르른 서울 풍경을 마주할 수 있다. 5월의 모든 칸은 한강 나들이로 체크하고, 설레는 봄날로 체크인 해보면 좋을 것이다.",무료(일부 프로그램 유료),2026-05-01,2026-12-01,43.0,서울특별시,-,-,01. 매년,2013,1211,0,1211,0,201000,201000,모름,99. 무응답,https://festival.seoul.go.kr/hangang/,https://www.mcst.go.kr/site/s_culture/festival/festivalView.jsp?pSeq=11918&pRo=1905&pCurrentPage=381&pOrder=01up&pPeriod=&fromDt=20200101&toDt=&pSido=&pSearchType=01&pSearchWord=,서울특별시 미래한강본부,관리자 02-120,서울특별시 용산구 이촌로72길 62 (이촌동),126.970850893942,37.517820588578,https://tong.visitkorea.or.kr/cms/resource/41/4058341_image2_1.jpg,M5_가족체험,1.0,-1.0000000826903709e-10,6.6501815311872686e-307,9.50709795036893e-307,4.43750855776661e-307,5.696178723074815e-307,1.0,5.777491275325384e-307,5.304278120293752e-307
구로G페스티벌,"구로G페스티벌은 2003년부터 개최해 온 구로구의 지역 대표 문화축제로서 2016년부터 아시아인 비중이 높은 지역 특성을 반영한 아시아 문화축제와 통합 운영하며 지역과 세계가 함께하는 서울 서남권 대표 문화축제로 자리매김하였다. 구민과 함께하는 문화예술 프로그램을 운영하며 문화 향유 기회를 제공하고 지역 주민, 소상공인 등의 참여로 지역경제 활성화에 기여하고 있다. 또한 아시아 각국의 다양한 문화를 소개하고 이해함으로써 문화간 교류와 상호 존중의 가치 확산에 기여하고 있다.",무료,2026-09-01,2026-09-01,2.0,서울특별시,구로구,신도림동,01. 매년,2003,800,0,800,0,170000,170000,모름,99. 무응답,https://www.gfestival.co.kr/,https://www.mcst.go.kr/site/s_culture/festival/festivalView.jsp?pSeq=12674&pRo=382&pCurrentPage=77&pOrder=01up&pPeriod=&fromDt=20200101&toDt=&pSido=&pSearchType=01&pSearchWord=,구로구,관리자 02-860-2282,서울 양천구 신정동 871-20,126.873374700069,37.5087104148447,https://www.mcst.go.kr/attachFiles/cultureInfoCourt/localFestival/notifyFestival/1756168213150.jpg,M2_역사문화,0.2094123925103245,1.891310406730584,0.1535655318027601,0.2094123925103245,0.1560488348219855,0.1623400404854607,0.0881447686522783,0.066880065736931,0.1636083659902595
동대문페스티벌,"동대문페스티벌은 동대문구를 대표하는 공연예술축제이다. 서커스, 거리예술, 음악공연을 비롯해 도시 속 공공공간을 색다른 방식으로 만나고, 경험할 수 있는 기획 프로그램까지 도로 위를 예술적 상상력으로 채워간다. 2025 동대문페스티벌은 ‘예술 말고 파티’라는 컨셉으로 진행됩니다. 예술의 경계를 넘어 확장시키며, 참여하는 몸과 숨, 걸음 하나, 하나가 공연이 되고, 도시의 벽과 아스팔트, 불빛, 그리고 소음까지 모두가 축제의 재료가 된다. 예술을 벗겨내고, 터뜨리고, 예술을 끌어올리는 자리. 무대와 관객의 경계는 무너지고 창작자와 시민의 역할은 뒤섞여 평등한 몸으로 도시를 감각 할 것이다. 예술 말고 파티는 축제의 하이라이트로 릴레이 공연이 펼쳐진다. 브레이킹 댄서들의 에너지 넘치는 무대와 공중에서 펼쳐지는 디제잉 퍼포먼스, 생생한 라이브 음악과 흥겨운 거리 퍼레이드까지, 누구나 자유롭게 즐기며 리듬에 몸을 맡길 수 있다. 또한 관광버스에서 즐기는 디제이 공연 ‘제로-콜라텍, 아스팔트 위에서 일탈과 휴식을 색다른 방식으로 경험하는 아스팔트 캠핑, 도시에 수평으로 누워보는 이색적인 경험을 제공하는 게으른 바닥, 어린이들이 직접 자신의 물건을 사고 파는 어린이 플리마켓 등 다채로운 프로그램이 준비되어 있다.",무료,2026-10-01,2026-10-01,0.0,서울특별시,동대문구,장안동,01. 매년,2024,450,0,450,0,110000,110000,0,02. 추정,https://ddmf.co.kr/,https://www.mcst.go.kr/site/s_culture/festival/festivalView.jsp?pSeq=13322&pRo=308&pCurrentPage=62&pOrder=01up&pPeriod=&fromDt=20200101&toDt=&pSido=&pSearchType=01&pSearchWord=,동대문구,동대문문화재단 관리자 02-3295-5565,서울 동대문구 장한로25길 2,127.071182449125,37.571898000238,https://www.mcst.go.kr/attachFiles/cultureInfoCourt/localFestival/notifyFestival/1758069810386.png,M3_먹거리특산물,0.2081875660013695,1.8946753522158384,0.176768529065133,0.1906742066312791,0.2081875660013695,0.1179506313544279,0.1060867456479725,0.076976262537678,0.1233560587621398
광복로 겨울빛 트리축제,"부산의 겨울을 밝히는 대표 트리축제가 K-문화를 담은 찬란한 겨울빛으로 찾아온다. 2025년 12월 5일 올해 단 한번의 하이라이트, 카운트다운과 함께 광복로가 빛으로 깨어나는 점등식을 시작으로 26년 2월 22일까지 2025 광복로 겨울빛 트리축제를 만나볼 수 있다. 축제 기간 동안 부산 지역 뮤지션들의 버스킹 공연, 시민이 직접 트리 불빛을 켜볼 수 있는 참여형 점등식 등 다채로운 거리 이벤트가 준비되어 있다. 12월 20일~21일 주말에는 크리스마스 쿠킹클래스, 미니 트리만들기 등 다양한 체험프로그램도 펼쳐지니 빠짐없이 즐겨볼 수 있다.",무료,2026-12-01,2027-02-01,73.0,부산광역시,중구,광복동,01. 매년,2009,950,0,950,0,3105529,3105529,모름,02. 추정,https://litt.ly/gwangbok_treefestival,https://www.mcst.go.kr/site/s_culture/festival/festivalView.jsp?pSeq=13400&pRo=73&pCurrentPage=15&pOrder=01up&pPeriod=&fromDt=20200101&toDt=&pSido=&pSearchType=01&pSearchWord=,부산 중구청,관리자 051-714-4758,부산광역시 중구 광복로 72-1 (광복동2가),129.0327400915,35.0986398717,http://tong.visitkorea.or.kr/cms/resource/05/3576405_image2_1.JPG,M6_청년마켓,0.5095013626993301,1.5549174045985694,0.0961462939172775,0.1204334938393977,0.0701678462368593,0.0785950044409708,0.0516740987540078,0.5095013626993301,0.0734819001121565
부산 서구 의료관광축제,"제4회 부산 서구 의료관광축제가 오는 9월 11일과 12일 이틀간 송도오션파크 일원에서 서구, 부산대학교병원·동아대학교병원·고신대학교복음병원·삼육부산병원 공동 주관으로 개최된다. 개막식은 12일 오후 3시에 있을 예정이다. 이 축제는 부·울·경 최초 ‘의료관광특구’인 서구를 널리 알리는 것은 물론, 비즈니스 상담·바이어 팸투어 등을 통해 외국인환자 유치 활성화 기반을 마련하고, 주민·관광객들에게 올바른 건강 정보와 다양한 의료 체험 기회를 제공하기 위한 것이다. 축제 현장에서는 ‘건강챌린지 게임’, ‘심폐소생술 강연’, ‘명상 요가’, ‘바른걸음 원데이 클래스’ 등 남녀노소 누구나 참여할 수 있는 프로그램이 운영된다. 올해는 특히 관광객 참여를 확대하기 위해 ‘웰빙&글로벌 푸드존’을 새로 조성하고, ‘찾아가는 의료버스’와 ‘플리마켓’ 존을 신설했다. 또한 ‘어린이 보건 뮤지컬’, ‘키즈 닥터 체험관’, ‘레이싱 에어바운서’ 등 아동 맞춤형 프로그램을 강화해 가족 단위 관람객의 호응을 이끌 계획이다. 의료와 문화가 어우러진 무대도 준비된다. 대학병원 명의와 함께하는 ‘건강 토크 콘서트’를 비롯해 마술·벌룬·저글링쇼, 팝페라·색소폰 공연, ‘미스터트롯3 추혁진의 개막 축하 공연은 관객들에게 힐링의 시간을 선사할 예정이다. 건강 관련 상담과 전시·홍보·체험행사는 60여 개 부스에서 진행되는데, 공동 주관 병원과 보건소, 한의사회 등이 참여해 골밀도 검사, 폐활량 검사, 혈압·혈당 측정, 한의학 약침 진료, 올바른 약 복용 상담 등 다양한 건강 서비스와 정보를 제공한다. 이와 함께 서구와 부산테크노파크는 ‘헬스케어 산업 홍보관’을 운영해 지역 유망 의료기술 업체들의 제품 전시와 체험 기회를 마련, 의료·산업·관광이 결합된 서구만의 특화된 매력을 선보인다.",무료,2026-11-01,2026-11-01,2.0,부산광역시,서구,암남동,01. 매년,2022,150,0,150,0,18000,18000,모름,01. 계측,https://blog.naver.com/seogu00/223968898950,https://www.mcst.go.kr/site/s_culture/festival/festivalView.jsp?pSeq=13300&pRo=513&pCurrentPage=103&pOrder=01up&pPeriod=&fromDt=20200101&toDt=&pSido=&pSearchType=01&pSearchWord=,부산광역시 서구,"부산대학교병원, 동아대학교병원, 고신대학교복음병원, 삼육부산병원 관리자 051-240-4017",부산 서구 송도해변로 36,129.017551220026,35.0725831107157,https://www.mcst.go.kr/attachFiles/cultureInfoCourt/localFestival/notifyFestival/1757463623377.jpg,M2_역사문화,0.2307172548749983,1.9113317775559335,0.1549331562677337,0.2307172548749983,0.136967866000471,0.1325488037013644,0.1189089598706079,0.0980696405252925,0.1278543187595319
서면 빛 축제,"부산 대표 도심관광지인 서면의 대표 관광축제이다. 역동적인 서면에 어울리는 다채로운 테마 연출로 차별화된 볼거리를 제공한다. 형형색색 빛 조형물 및 포토존이 조성되어있으며, 미디어파사드 연출, 소원리본 등 시민참여 프로그램을 운영한다.",무료,2026-10-01,2027-01-01,92.0,부산광역시,부산진구,부전동,01. 매년,2020,600,0,600,0,미집계,미집계,미집계,03. 미집계,https://www.busanjin.go.kr/board/view.busanjin?boardId=BBS_0000009&menuCd=DOM_000000110001001000&paging=ok&startPage=1&dataSid=3898941,https://www.mcst.go.kr/site/s_culture/festival/festivalView.jsp?pSeq=11937&pRo=963&pCurrentPage=193&pOrder=01up&pPeriod=&fromDt=20200101&toDt=&pSido=&pSearchType=01&pSearchWord=,부산진구,관리자 051-605-4524,부산 부산진구 부전동,129.058415124719,35.1534447027718,https://www.mcst.go.kr/attachFiles/cultureInfoCourt/localFestival/notifyFestival/1730682936573.jpg,M2_역사문화,0.2091730805576308,1.9096807520646468,0.162168885394707,0.2091730805576308,0.1156865986928326,0.1307311069540205,0.0836341113414453,0.1721386531244808,0.1264675639348829
전포커피축제,"전포커피축제는 2017년 전포카페거리가 뉴욕타임스의 올해에 꼭 가봐야할 곳으로 선정된 것을 기념하여 시작된 부산 최초의 커피축제이다. 이번 축제는 10월 12일~10월 13일 2일간 전포카페거리일원에서 진행되며, 전포 및 유명 지역 커피·디저트 판매 부스와 일본·대만 해외 바리스타 초청부스도 운영되어, 다양하고 독특한 커피의 맛을 즐길 수 있다. 멋진 공연과 더불어 다양한 이벤트도 진행된다.",무료,2026-10-01,2026-10-01,2.0,부산광역시,부산진구,전포동,01. 매년,2017,80,0,80,0,76200,76200,0,02. 추정,https://www.busanjin.go.kr/board/view.busanjin?boardId=BBS_0000009&menuCd=DOM_000000110001001000&paging=ok&startPage=1&searchType=DATA_TITLE&searchOperation=AND&keyword=%EC%BB%A4%ED%94%BC&dataSid=3899019,https://www.mcst.go.kr/site/s_culture/festival/festivalView.jsp?pSeq=11929&pRo=1156&pCurrentPage=232&pOrder=01up&pPeriod=&fromDt=20200101&toDt=&pSido=&pSearchType=01&pSearchWord=,부산진구,관리자 051-605-4522,부산 부산진구 전포대로209번길 26,129.062569363766,35.1554466988384,https://www.mcst.go.kr/attachFiles/cultureInfoCourt/localFestival/notifyFestival/1726796343885.png,M2_역사문화,0.2317092010488912,1.90906224194946,0.1651294921864656,0.2317092010488912,0.1363576555705993,0.1305582943357066,0.1051979990627146,0.1104742663205933,0.1205730914750291
부산국제공연예술제,"부산국제공연예술제는 부산광역시 금정구민들의 다양한 시민 문화가 공존하는 온천천을 배경으로 매년 9월 열리는 부산시 대표 거리공연예술제다. 서커스, 퍼포먼스, 음악극 등 다양한 장르의 거리예술을 다루고 있다. 2025년, “예술, 사이에 스며들다”라는 주제로 현대의 예술축제를 다시 바라본다. 우리는 분절된 사회, 단절된 공동체, 고립된 감정 속에서 살아간다. 그러나 그 틈에 스며드는 예술은 사람과 사람, 지역과 세계 사이의 경계를 허물고 연결의 가능성을 열어준다. 예술은 단순한 동행을 넘어, 서로를 감각적으로 이해하게 하는 다리가 된다. 금정이라는 공간에서 시작된 이 축제는 세계의 시민과 예술가들이 ‘사이’를 감각하고, 함께 하나가 되는 여정을 만든다. 예술은 무대 위를 넘어, 사람들 사이로 스며들며 연결과 회복의 의미를 일깨운다. 올해는 유럽, 남미, 아시아 등 해외 10개국의 작품과 함께 국내외 유수 거리예술작품 28여개 작품이 금정구 온천천 및 부산대 대학로 거리를 배경으로하는 다양한 프로그램들을 본 축제를 통해 즐겨 볼 수 있다.",무료,2026-09-18,2026-09-20,3.0,부산광역시,금정구,장전동,01. 매년,2007,150,0,150,0,32719,32719,모름,01. 계측,http://www.gjfac.org/gjfac/main.php,https://www.mcst.go.kr/site/s_culture/festival/festivalView.jsp?pSeq=11614&pRo=412&pCurrentPage=83&pOrder=01up&pPeriod=&fromDt=20200101&toDt=&pSido=&pSearchType=01&pSearchWord=,금정구청,(재)금정문화재단 관리자 051-715-6984,부산 금정구 구서동,129.091521627212,35.2493510586578,https://www.mcst.go.kr/attachFiles/cultureInfoCourt/localFestival/notifyFestival/1757549772167.jpg,M1_자연계절,0.2238066000579018,1.8507605464558048,0.2238066000579018,0.1779125256682833,0.2185148324420482,0.107387757384167,0.0793127232504527,0.0580739670102223,0.1349915941869244
강서 낙동강30리 벚꽃축제,"해당 축제는 4월 3일부터 4월 5일까지 진행되는 지역 문화 행사이다. 축제는 메인무대와 보조무대를 중심으로 다양한 공연과 체험 프로그램이 시간대별로 운영되는 일정으로 구성되어 있다. 행사 기간 동안 강서 골든벨, 가족과 함께하는 벚꽃 문화공연, 청소년 핑크 K-POP 댄스, 버스킹 공연, OST 미니 라이브 등이 진행되는 공연 프로그램이 포함되어 있다. 또한 가람백일장 및 강변사생대회, 지역문화공연, 합창페스티벌 등의 문화예술 프로그램이 운영되는 행사이다. 개막 축하공연과 폐막 축하공연이 마련되어 축제의 시작과 마무리를 알리는 일정이 포함되어 있다. 행사장 주변에서는 벚꽃 걷기 행사, 풍물패 퍼레이드, 식전공연 등의 참여형 프로그램이 진행되는 구성이다. 부대 프로그램으로는 인라인스케이트장, 엔달리기 프로그램, 자연놀거리 체험 등이 운영되는 체험 공간이 마련되어 있다. 또한 푸드트럭과 플리마켓이 운영되는 자유거리 공간이 조성되는 축제이다. 중앙광장에는 패밀리존과 키즈존, 벚꽃놀이터, 힐링존 등이 배치되는 행사 공간 구성이 특징인 지역 벚꽃 문화축제이다.",무료 (일부 유료),2026-04-03,2026-04-05,3.0,부산광역시,강서구,-,01. 매년,2015,355,0,350,5,90000,90000,모름,99. 무응답,http://www.bsgangseo.go.kr/visit/contents.do?mId=0302000000,https://www.mcst.go.kr/site/s_culture/festival/festivalView.jsp?pSeq=13416&pRo=35&pCurrentPage=7&pOrder=01up&pPeriod=&fromDt=20200101&toDt=&pSido=&pSearchType=01&pSearchWord=,부산광역시 강서구 축제추진위원회,관리자 070-8893-2437,부산 강서구 대저1동 1-17,128.986526,35.209324,https://tong.visitkorea.or.kr/cms/resource/77/4046477_image2_1.JPG,M1_자연계절,0.1962608787462065,1.9041442986178152,0.1962608787462065,0.1947181055434514,0.1557639689997583,0.1386990344211195,0.0986699412503284,0.0810636668555813,0.1348244041835545
YES! 키즈존,"어린이날을 기념해 4일간 펼쳐지는 이번 ‘YES! 키즈존’은 ‘달성크래프트: 스스로 만들어서 이루어냄’을 주제로, 환상 속 세계를 어린이들이 직접 만들고 꿈을 펼쳐가는 특별한 시간으로 준비되었다. 더욱 풍성해진 놀거리와 볼거리, 체험거리가 축제장을 가득 채우며 아이들은 물론 온 가족이 함께 웃고 즐길 수 있는 체험형 가족 축제로 마련된다. 행사장 곳곳에는 어린이들의 호기심과 상상력을 자극하는 다채로운 체험 프로그램이 운영되며 개성 넘치는 상품과 알찬 즐길거리를 만날 수 있는 플리마켓, 다양한 먹거리로 입맛까지 사로잡을 푸드트럭 존도 함께 조성돼 가족 모두가 축제의 즐거움을 만끽할 수 있다. 여기에 다이내믹한 놀이기구와 신나는 에어바운스 체험까지 더해져 어린이들에게는 마음껏 뛰어놀고 웃음꽃을 피울 수 있는 특별한 놀이터가 펼쳐진다. 또한 축제의 흥을 더할 화려한 로봇 퍼레이드와 마칭밴드 퍼레이드 행렬이 행사장을 곳곳을 누비며 축제의 분위기를 뜨겁게 달굴 예정이다. 웅장한 음악과 퍼포먼스가 어우러진 퍼레이드 행렬은 어린이들에게는 동화 속 주인공이 된 듯한 설렘을, 가족들에게는 오래도록 기억될 특별한 추억을 선사할 것으로 기대된다. 함께 진행되는 무대 프로그램도 풍성하다. 신기한 마술과 박진감 넘치는 넌버벌 퍼포먼스, 환상적인 버블쇼, 서커스, 유쾌한 마임 공연까지 눈을 뗄 수 없는 다채로운 공연이 나흘간 쉼 없이 이어지며 축제의 즐거움을 더할 예정이다. 특히 어린이들에게 큰 사랑을 받고 있는 인기 크리에이터 허팝, 급식왕, 그리고 슈뻘맨이 특별 무대에 올라 생생한 무대 공연과 유쾌한 에너지로 현장의 열기를 한층 뜨겁게 달굴 예정이다. 행사의 마지막 날인 어린이날에는 온 가족이 함께 즐길 수 있는 뽀로로 싱어롱쇼가 펼쳐진다. 익숙한 노래와 신나는 율동이 어우러진 공연은 어린이들에게는 잊지 못할 어린이날의 추억을 선사하며 특별한 시간을 만들어 줄 것으로 기대를 모은다. 해당 지역축제는 주최기",무료 (일부 프로그램 유료),2026-05-02,2026-05-05,4.0,대구광역시,달성군,유가읍,01. 매년,2023,350,0,350,0,50000,50000,모름,99. 무응답,https://www.dsart.or.kr/,https://www.mcst.go.kr/site/s_culture/festival/festivalView.jsp?pSeq=12870&pRo=1879&pCurrentPage=376&pOrder=01up&pPeriod=&fromDt=20200101&toDt=&pSido=&pSearchType=01&pSearchWord=,달성군,달성문화재단 관리자 053-668-4234,대구광역시 달성군 유가읍 테크노대로6길 20,128.466421080685,35.6862027967828,https://tong.visitkorea.or.kr/cms/resource/84/4058484_image2_1.jpg,M3_먹거리특산물,1.0,-1.0000000826903709e-10,6.850346216676058e-307,8.153908678653567e-307,1.0,5.823812084616604e-307,4.1568362789682365e-307,3.65665737662003e-307,5.474429920599657e-307
라온페스타,충장로 상권을 활성화 하기 위해 여러가지 프로그램을 운영함으로써 상권활성화에 기여한다. 모든 연령층이 어울려 즐길 수 있는 다양한 행사프로그램이 준비되어 있는 축제이다.,무료,2026-04-04,2026-11-07,7.0,광주광역시,동구,충장동,01. 매년,2022,2072,1036,1036,0,23024,23024,모름,99. 무응답,https://korean.visitkorea.or.kr/kfes/detail/fstvlDetail.do?fstvlCntntsId=ece99852-13aa-466d-84ad-4e9f89e5e1ab,https://www.mcst.go.kr/site/s_culture/festival/festivalView.jsp?pSeq=13160&pRo=100&pCurrentPage=20&pOrder=01up&pPeriod=&fromDt=20200101&toDt=&pSido=&pSearchType=01&pSearchWord=,광주광역시 동구,충장상권활성화 추진단 관리자 070-4111-4406,광주광역시 동구 충장로 94 (충장로2가),126.91694835998,35.1474235264676,https://tong.visitkorea.or.kr/cms/resource/18/4053918_image2_1.jpg,M7_과학레저,1.0,-1.0000000826903709e-10,7.131260139543453e-307,1.0692651455286278e-306,6.54464880890847e-307,8.863292260774988e-307,4.049902919588555e-307,2.9947982362894554e-307,1.0
태화강마두희축제,"울산 중구 원도심에서 펼쳐지는 마두희 큰줄당기기와 태화강에서의 수상줄당기기, 치맥페스티벌, DJ와 함께하는 EDM 파티, 씨름 대회등 다양한 체험으로 여름이 핫한 2025 태화강마두희 축제이다.",입장료 무료(일부 체험프로그램 유료),2026-06-19,2026-06-21,3.0,울산광역시,중구,-,01. 매년,2014,830,0,830,0,293000,293000,모름,99. 무응답,https://www.ulsanmaduhee.co.kr/pages/index.html,https://www.mcst.go.kr/site/s_culture/festival/festivalView.jsp?pSeq=13165&pRo=683&pCurrentPage=137&pOrder=01up&pPeriod=&fromDt=20200101&toDt=&pSido=&pSearchType=01&pSearchWord=,태화강마두희축제 추진위원회,관리자 052-244-2007,경기 성남시 중원구 성남동 4827,127.124731847293,37.4256356495889,https://www.mcst.go.kr/attachFiles/cultureInfoCourt/localFestival/notifyFestival/1748304336839.jpg,M2_역사문화,0.1746038435012874,1.9311755626179616,0.1690827389814773,0.1746038435012874,0.1206696614082687,0.1597042475367929,0.141880422962809,0.1041899407610969,0.1298691448482677
워터버블페스티벌,"워터 버블 페스티벌은 2014년 ""모두가 주인공이 될 수 있는 축제를 만들어보자"" 라는 비전으로 기획되었다. 연령, 성별을 떠나 모두가 함께하는 체험형 축제를 추구하고 있다.",무료,2026-08-14,2026-08-15,2.0,울산광역시,중구,성남동,01. 매년,2014,30,0,30,0,2000,2000,모름,01. 계측,https://korean.visitkorea.or.kr/kfes/detail/fstvlDetail.do?fstvlCntntsId=9677f6a8-8149-4a1c-99ed-f5a0df121df4,https://www.mcst.go.kr/site/s_culture/festival/festivalView.jsp?pSeq=12584&pRo=1373&pCurrentPage=275&pOrder=01up&pPeriod=&fromDt=20200101&toDt=&pSido=&pSearchType=01&pSearchWord=,젊음의거리상인회,관리자 052-264-3805,울산 중구 젊음의거리 73,129.32108664817,35.5543600679399,https://www.mcst.go.kr/attachFiles/cultureInfoCourt/localFestival/notifyFestival/1722212674166.jpg,M5_가족체험,0.5021490622258243,1.5755867517531583,0.0953568316457636,0.0999674365459887,0.074221327898559,0.0961735427320793,0.5021490622258243,0.05493847203649,0.0771933269152947
울산고래축제,"수천 년 전 선사시대부터 이어져 온 고래문화를 기념하는 울산의 대표축제 중 하나인 울산고래축제는 근대 포경산업의 중심지였던 장생포를 기반으로 1995년부터 개최되고 있다. 2025년 9월, 울산 장생포 고래문화특구에서 열리는 제29회 울산고래축제는 고래의 선물(Gift from a Whale)이라는 주제로 생태와 예술, 기술과 체험이 어우러진 미래형 콘텐츠를 선보인다.","무료(체험 프로그램 일부 유료 예정/ 5,000원~10,000원 이하)",2026-10-01,2026-01-01,4.0,울산광역시,남구,야음장생포동,01. 매년,1995,1700,0,1700,0,320000,320000,모름,02. 추정,https://www.ulsanwhale.com/,https://www.mcst.go.kr/site/s_culture/festival/festivalView.jsp?pSeq=12646&pRo=384&pCurrentPage=77&pOrder=01up&pPeriod=&fromDt=20200101&toDt=&pSido=&pSearchType=01&pSearchWord=,(재)고래문화재단,(재)고래문화재단 관리자 052-226-0028~9,울산 남구 장생포고래로 244,129.380765444029,35.5027658792613,https://www.mcst.go.kr/attachFiles/cultureInfoCourt/localFestival/notifyFestival/1756082001806.jpg,M2_역사문화,0.2266751437969653,1.870846585906892,0.1625552246451161,0.2266751437969653,0.1103448807066987,0.142279980272222,0.0831774742279092,0.0705469359909331,0.2044203603601553
김포 벚꽃축제,"오는 4월 11일부터 이틀간, 김포의 벚꽃 명소 계양천이 핑크빛 설렘으로 물듭니다! 이번 축제는 단순한 관람을 넘어 시민이 직접 주인공이 되는 뜻깊은 자리로 마련되었다. 자연에 집중하는 시간: 오롯이 벚꽃이라는 이름처럼, 자연이 주는 순수한 아름다움 속에서 진정한 휴식을 즐길 수 있다. 시민이 만드는 무대: 시민예술학교 수료생들의 우쿠렐레와 마술 공연이 더해져 더욱 따뜻한 화합의 장이 펼쳐진다. 감성 충전 완료: 버스킹 공연과 포토존, 편안한 쉼터가 마련되어있다.",무료,2026-04-11,2026-04-12,2.0,경기도,김포시,김포본동,01. 매년,2025,30,0,30,0,70000,70000,모름,99. 무응답,https://www.gimpo.go.kr/portal/index.do,https://www.mcst.go.kr/site/s_culture/festival/festivalView.jsp?pSeq=13028&pRo=25&pCurrentPage=5&pOrder=01up&pPeriod=&fromDt=20200101&toDt=&pSido=&pSearchType=01&pSearchWord=,김포시,김포문화재단 관리자 031-980-5113,경기도 김포시 북변동,126.718164,37.625399,https://tong.visitkorea.or.kr/cms/resource/61/3489661_image2_1.jpg,M1_자연계절,0.260914980714687,1.8739487117416511,0.260914980714687,0.1830531604072724,0.1129798841011552,0.1317956450769512,0.0978555974526541,0.0818434488873546,0.1315572833599252
양주국가유산 야행,"양주국가유산 야행은 양주관아지 일원의 역사문화유산을 활용한 야간형 문화향유 프로그램이다. 양주국가유산 야행은 양주관아지 일원의 문화유산(양주관아지, 어사대비, 양주향교, 양주별산대놀이 등)을 빛으로 연출한 아름다운 야간경관과 함께 양주의 역사속 인물들과 사실들을 바탕으로 구성된 주제(8夜)별 프로그램을 즐길 수 있다.",입장 무료 (일부 체험프로그램 유료),2026-09-11,2026-09-20,10.0,경기도,양주시,양주1동,01. 매년,2020,493,157,336,0,100000,100000,모름,02. 추정,http://www.yangjufestival.kr/,https://www.mcst.go.kr/site/s_culture/festival/festivalView.jsp?pSeq=13282&pRo=455&pCurrentPage=91&pOrder=01up&pPeriod=&fromDt=20200101&toDt=&pSido=&pSearchType=01&pSearchWord=,양주시,관리자 031-8082-5673,경기 양주시 부흥로1399번길 15,127.029570601017,37.7856576444663,https://www.mcst.go.kr/attachFiles/cultureInfoCourt/localFestival/notifyFestival/1756340666121.jpg,M2_역사문화,0.2475616314920065,1.8878547412346989,0.1672629933336444,0.2475616314920065,0.126649469292342,0.1413196794556693,0.089745794831132,0.0878825436005951,0.1395778879946105
광명마당극축제,"유난히 무더웠던 24년 여름, 시대를 읽는 풍자와 해학의 무대가 펼쳐졌던 광명시민운동장에 한국 전통 마당극의 맥을 잇는 전국 유일의 축제가 돌아왔다. 축제는 전국의 마당극 및 퓨전국악, 서커스 등 풍성한 야외 퍼포먼스와 시민 참여 프로그램으로 누구나 부담 없이 다양하게 즐길 수 있다. <2025 광명마당극축제>는 광명 시민의 흥과 신명을 바탕으로 사람과 사람을 연결하고 지역과 시대가 대화하는 살아 있는 언어를 가장 아름답게 구현하는 자리가 될 것이다.",무료,2026-09-11,2026-09-13,3.0,경기도,광명시,철산동,01. 매년,2024,170,0,170,0,10388,10388,모름,02. 추정,https://www.gmcf.or.kr/Community/BoardNotice/Details?articleId=232885,https://www.mcst.go.kr/site/s_culture/festival/festivalView.jsp?pSeq=13264&pRo=522&pCurrentPage=105&pOrder=01up&pPeriod=&fromDt=20200101&toDt=&pSido=&pSearchType=01&pSearchWord=,"(재)광명문화재단, (사)한국민족극협회",관리자 02-2621-8863~4,경기 광명시 시청로 20,126.864786194632,37.4770629516734,https://www.mcst.go.kr/attachFiles/cultureInfoCourt/localFestival/notifyFestival/1755648857511.jpg,M2_역사문화,0.3236373887207232,1.7975514662037393,0.1496914054444319,0.3236373887207232,0.151237743370714,0.1255476689539482,0.0691564108554189,0.0515386024517823,0.1291907802029815
안성맞춤 남사당 바우덕이축제,"안성맞춤 남사당 바우덕이축제는 우리나라 중요무형문화재 및 유네스코 세계 무형문화유산으로 지정된 남사당놀이를 소재로 한 축제로, 조선 전국 3대 장터의 풍성함을 안성 옛 장터로 재현하고, 각종 체험 및 전시회, 남사당 공연, 해외 민속 공연과 전통 · 현대 공연 등이 펼쳐진다. 또한, 2024-2025 문화체육관광부 선정 문화관광축제로 문화와 관광을 아우르는 풍성한 프로그램을 제공한다.",무료,2026-10-02,2026-10-05,4.0,경기도,안성시,-,01. 매년,2001,21826,40,21786,0,603622,603622,모름,01. 계측,https://www.anseong.go.kr/festival/main.do,https://www.mcst.go.kr/site/s_culture/festival/festivalView.jsp?pSeq=13331&pRo=318&pCurrentPage=64&pOrder=01up&pPeriod=&fromDt=20200101&toDt=&pSido=&pSearchType=01&pSearchWord=,안성시,안성맞춤 남사당 바우덕이축제위원회 관리자 031-678-5414,경기도 안성시 보개면 남사당로 198,127.305410386779,37.0336344680845,https://tong.visitkorea.or.kr/cms/resource/54/3540554_image2_1.JPG,M4_예술공연창작,0.3486812057561845,1.752366241834245,0.1115599210946244,0.1824316685644424,0.1236229730007983,0.3486812057561845,0.0627656152470015,0.0424319652504344,0.1285066510865141
안성맞춤포도축제,"안성포도의 우수성을 홍보하고 브랜드 가치 향상 및 농가 소득 증대를 위하여 안성 포도 농가와 함께 축제 기간에 맛 좋은 포도를 판매한다. 포도 품평회, 포도와인 만들기, 지역 농산물 판매, 노래자랑 등 다양한 행사를 기획하고 있다.",무료,2026-01-01,2026-01-01,3.0,경기도,안성시,서운면,01. 매년,2007,55,0,50,5,미집계,미집계,미집계,03. 미집계,https://korean.visitkorea.or.kr/kfes/detail/fstvlDetail.do?fstvlCntntsId=68c11dc3-fcbb-47d8-a2a6-df31b271542a,https://www.mcst.go.kr/site/s_culture/festival/festivalView.jsp?pSeq=12707&pRo=1302&pCurrentPage=261&pOrder=01up&pPeriod=&fromDt=20200101&toDt=&pSido=&pSearchType=01&pSearchWord=,안성시 포도축제위원회,관리자 031-678-3732,경기 안성시 서운면 인리 산 29-1,127.28204275414,36.930671967904,https://www.mcst.go.kr/attachFiles/cultureInfoCourt/localFestival/notifyFestival/1504657034718.jpg,M1_자연계절,1.0,-1.0000000826903709e-10,1.0,5.14378801266145e-307,3.1621599945773763e-307,4.8548735703010185e-307,2.9502087442751e-307,2.48444373581471e-307,2.971462892052269e-307
의왕백운호수축제,"의왕백운호수축제는 아름다운 자연경관을 자랑하는 백운호수를 배경으로 매년 가을 열리는 지역 대표 문화축제이다. 이 축제는 의왕시민은 물론 외부 관광객들에게도 큰 사랑을 받고 있으며, 자연과 예술, 문화가 어우러진 다채로운 프로그램으로 구성되어 있다. 특히 이번 축제는 새롭게 단장된 백운호수공원 잔디광장에서 자연을 더욱 가까이 느낄 수 있는 공간에서 펼쳐진다. 백운호수의 풍경 속에서 열리는 유명 가수의 음악 공연, 유·무료 체험 프로그램, 버스킹, 각종 이벤트, 음식 마당 등은 남녀노소 모두가 즐길 수 있는 다양한 즐거움을 선사한다. 또한 지역 예술인과 주민들이 함께 참여하여 공동체의 소통과 화합을 도모하는 축제로 자리매김하고 있다. 도심의 일상에서 벗어나 자연 속에서 여유와 문화를 동시에 누릴 수 있는 의미 있는 행사이다.",무료(일부 체험프로그램 유료),2026-09-01,2026-10-01,2.0,경기도,의왕시,학의동,01. 매년,2001,595,0,595,0,60000,60000,모름,99. 무응답,http://uwfest.com,https://www.mcst.go.kr/site/s_culture/festival/festivalView.jsp?pSeq=11661&pRo=404&pCurrentPage=81&pOrder=01up&pPeriod=&fromDt=20200101&toDt=&pSido=&pSearchType=01&pSearchWord=,의왕시,관리자 031-345-2536,경기 의왕시 학의동 산 75-5,127.005948028766,37.3796591312753,https://www.mcst.go.kr/attachFiles/cultureInfoCourt/localFestival/notifyFestival/1758500268511.jpg,M1_자연계절,0.2277074375906222,1.894422720937416,0.2277074375906222,0.193387783486656,0.1172357774105793,0.1366583922864677,0.1033649263364289,0.0857570442232335,0.1358886386660121
강릉단오제,"강릉단오제는 유네스코 인류무형문화유산이자 천년의 전통을 가진 대한민국 대표 축제로 매년 50만명이상의 관광객이 찾고 있다. 2025 강릉단오제 주제는 유네스코 인류무형문화유산 선정 20주년 기념 <스무 살, 단오>이며 5월 27일부터 6월 3일까지 8일간 진행된다. 강릉단오제는 전통 문화의 정수인 ‘제례’와 신과 사람이 소통하는 ‘굿판’, 전국 최대 규모의 난장이 펼쳐지고, 국가 지정 문화유산, 시민참여행사, 민속놀이 행사 등 풍성한 프로그램이 마련되어 있다.",무료,2026-06-15,2026-06-22,8.0,강원도,강릉시,-,01. 매년,미상,2708,0,2708,0,956000,956000,모름,01. 계측,https://www.danojefestival.or.kr/contents.asp?page=536,https://www.mcst.go.kr/site/s_culture/festival/festivalView.jsp?pSeq=12405&pRo=728&pCurrentPage=146&pOrder=01up&pPeriod=&fromDt=20200101&toDt=&pSido=&pSearchType=01&pSearchWord=,"(사)강릉단오제위원회, (사)강릉단오제보존회","국립무형유산원, 한국문화재재단, 강원도, 강릉시 관리자 033-641-1593",강원특별자치도 강릉시 단오장길 1,128.894988372449,37.748158284285,https://tong.visitkorea.or.kr/cms/resource/76/4057376_image2_1.JPG,M4_예술공연창작,0.7003444351625324,1.119226717253654,0.0513787443637679,0.0800763181302535,0.0673851922909475,0.7003444351625324,0.0289560086360351,0.0190434925180451,0.0528158088984182
경포 썸머 페스티벌,"경포 썸머 페스티벌은 강릉 경포해변에서 매년 여름 개최되는 강릉 대표 여름 축제이다. 올 해는 2025년 7월 29일부터 8월 4일까지, 7일 간 펼쳐지며 매일 새로운 장르 아티스트 공연과 다채로운 해변 레저 프로그램, 이벤트 등 다양한 볼거리와 놀거리를 만날 수 있다. 무더위가 한창인 낮 프로그램으로는 송림에서 진행되는 송림 썸머마켓(플리마켓)과 송림 힐링존(휴게존)이 준비되며 무대 앞에서 진행되는 물총 배틀과 가장 강한 사람을 뽑는 스테이지 파이터, 2026 강릉세계마스터즈탁구선수권대회 유치를 기념한 탁구 레전드 챌린지가 진행된다. 경포의 명물 오리바위 다이빙대 체험 이벤트와 바다위에 놓여진 다리, 폰툰(부교) 위에서 진행되는 폰툰 미니게임을 진행하며 단 한명의 우승자를 가리는 다이나믹한 게임이 준비되어 있다. 경포해수욕장을 더욱 뜨겁게 즐기고 싶은 사람을 위한 비치핏(BEACH FIT)에서는 생활체육인들의 경쟁심을 자극하는 뜨거운 대회가 준비되어 있다. 비치핏은 씨름대회, 빅볼, 비치발리볼, 해변 크로스핏 체험 3가지로 구성되어 있다. 매일 7시 20분부터는 펑키투나잇의 공연으로 본 공연의 기대감과 설렘을 미리 고조시키는 실력파 아티스트의 공연 시간을 가지며 8시에는 장르 별 메인 아티스트들의 공연이 진행된다. 매일마다 다른 장르로 진행되는 각 유명 아티스트들의 공연 진행 후에는 EDM 나이트로 페스티벌의 매일 밤을 뜨겁게 불태울 공연이 준비되어 있다.",무료,2026-07-28,2026-08-03,7.0,강원도,강릉시,-,01. 매년,1997,400,0,400,0,81266,81266,모름,01. 계측,https://korean.visitkorea.or.kr/kfes/detail/fstvlDetail.do?fstvlCntntsId=43eaf698-188c-4b6b-b05f-29f0065ce6ea,https://www.mcst.go.kr/site/s_culture/festival/festivalView.jsp?pSeq=12548&pRo=599&pCurrentPage=120&pOrder=01up&pPeriod=&fromDt=20200101&toDt=&pSido=&pSearchType=01&pSearchWord=,강릉시청,MBC 강원영동 관리자 033-640-5130,강원특별자치도 강릉시 창해로 514,128.910210247605,37.8034055083125,https://www.mcst.go.kr/attachFiles/cultureInfoCourt/localFestival/notifyFestival/1752711300952.jpg,M1_자연계절,0.1891019421745,1.9110917981684303,0.1891019421745,0.1839955450812308,0.1345471440604227,0.1636703038945486,0.1080646571700903,0.0803688794305057,0.1402515281887016
동해무릉제,"제38회 동해무릉제는 2025년 9월18일부터 21일까지 4일간 동해웰빙레포츠타운에서 개최되는 동해시 대표 전통문화축제이다. 이번 축제의 부제는 ""하나된 동해, 희망의 울림""으로, 시민 화합과 지역문화 계승, 지역경제 활성화를 목표로 한다. 축제는 제전행사, 공연행사, 체험 빛 홍보행사, 문화예술 전시 등으로 구성되어 있다. 주요 프로그램으로는 산신제와 풍년제, 개막공연, 세대공감 콘서트, 무릉 낭만콘서트, 동해가요제, DMF 댄스페스티벌, 시민 퍼레이드 등이 있다. 또한 중국 요령성과의 국제교류 공연, 민속놀이, 농악 시연 등 전통문화 재현 행사가 마련되어 있다. 체험 프로그램으로는 공방 체험, 건강검진, 민속체험관 운영 등이 있으며, 동해사랑 영수증 투어와 같은 참여형 프로그램도 운영된다. 축제 기간 동안 향토 음식 부스, 다문화 음식 체험, 강원 한우와 전통주 판매 등 다양한 먹거리 공간과 풍물시장이 운영된. 이번 무릉제는 세대와 지역을 아우르는 공연과 체험, 소비자 참여형 프로그램을 통해 지역 대표 축제로 자리매김하고 있다.",무료,2026-09-01,2026-09-01,0.0,강원도,동해시,천곡동,01. 매년,1984,840,0,840,0,70000,70000,모름,99. 무응답,http://dhfesta.or.kr/dmrf/,https://www.mcst.go.kr/site/s_culture/festival/festivalView.jsp?pSeq=12682&pRo=467&pCurrentPage=94&pOrder=01up&pPeriod=&fromDt=20200101&toDt=&pSido=&pSearchType=01&pSearchWord=,동해시,동해문화관광재단 관리자 033-532-1945,강원특별자치도 동해시 덕골길 10,129.099329023985,37.5174992248055,https://www.mcst.go.kr/attachFiles/cultureInfoCourt/localFestival/notifyFestival/1756426446215.jpg,M4_예술공연창작,0.2357552322441407,1.8863760449876168,0.1618596912549803,0.1539575238258647,0.1143704977486975,0.2357552322441407,0.10495202475744,0.0696469336178715,0.1594580965510049
태백 천상의 산나물 축제,"대한민국에서 가장 늦게 봄을 맞이하는 고원도시 태백에서 오는 5월 2일부터 5월 4일까지 3일간 태백 장성탄탄마당(장성중앙시장) 일원에서 ‘태백산나물 축제’가 열린다. 이번 축제는 해발고도가 높은 지역에서 재배되어 맛과 향이 진한 태백산나물을 저렴한 가격에 만나볼 수 있는 기회로, 지역 특산물의 우수성을 널리 알리는 장이 될 전망이다. 행사 기간 동안에는 다양한 공연과 먹거리 장터, 경연대회, 체험 프로그램이 마련되어 있어 가족 단위 관광객과 지역 주민 모두가 즐길 수 있는 풍성한 볼거리를 제공한다. 특히 야시장과 프리마켓이 함께 운영되어 태백만의 따뜻한 정취와 활기를 느낄 수 있을 것으로 기대된다. 태백시는 이번 축제를 통해 지역 경제 활성화와 관광객 유치를 동시에 도모하며, 늦은 봄의 정취와 함께 태백산나물의 매력을 전국에 알릴 계획이다.",무료,2026-04-24,2026-04-26,3.0,강원도,태백시,장성동,01. 매년,2018,255,0,250,5,29500,29500,모름,02. 추정,https://www.taebaek.go.kr/,https://www.mcst.go.kr/site/s_culture/festival/festivalView.jsp?pSeq=12221&pRo=1851&pCurrentPage=371&pOrder=01up&pPeriod=&fromDt=20200101&toDt=&pSido=&pSearchType=01&pSearchWord=,태백산나물축제위원회,태백 산나물축제 위원회 관리자 033-550-2726,강원특별자치도 태백시 장성1길 175-1 (장성동),129.00789068775,37.1013472523941,https://tong.visitkorea.or.kr/cms/resource/07/4058907_image2_1.jpg,M4_예술공연창작,0.3777833286251918,1.7100283749246237,0.2071420035656599,0.1286725607912504,0.0797821131079053,0.3777833286251918,0.0752811946591459,0.0549184605693259,0.0764203386815203
평창더위사냥축제,"연중 10℃의 시원한 냉천수가 흐르는 땀띠공원 주변에서 다양한 체험프로그램과 공연이 진행된다. 여름철 휴식이 필요한 도시민들이 더위에 지친 몸과 마음을 쉬어갈 수 있는 곳이다. 올해 축제에서는 축제의 대표 프로그램인 땀띠귀신사냥 워터워를 비롯해 양동이 물폭탄, 대형 돗자리 그늘막 등이 마련되어 있어 휴식과 체험이 동시에 가능하다. 매년 7월 말 개최되던 축제가 올해부터 8월로 개최일정을 바꾸어 8월 1일부터 10일까지 10일간 개최될 예정이다. 지역의 대표 먹거리와 각종 체험을 즐길 수 있는 축제로 변화를 준비하고 있다.",유료(홈페이지 참고),2026-07-01,2026-08-01,16.0,강원도,평창군,대화면,01. 매년,2013,599,0,599,0,35246,35246,모름,01. 계측,http://summer-hunter.com/,https://www.mcst.go.kr/site/s_culture/festival/festivalView.jsp?pSeq=12526&pRo=594&pCurrentPage=119&pOrder=01up&pPeriod=&fromDt=20200101&toDt=&pSido=&pSearchType=01&pSearchWord=,평창더위사냥축제위원회,관리자 033-334-2277,강원특별자치도 평창군 대화면 해뜰마을길 49-7,128.450721725752,37.5032116771235,https://www.mcst.go.kr/attachFiles/cultureInfoCourt/localFestival/notifyFestival/1751329206779.jpg,M5_가족체험,0.2728299057476876,1.875891440491188,0.139343999739512,0.1476502053218121,0.1046091890701863,0.1386612527250943,0.2728299057476876,0.0840082938970029,0.1128971534987045
평창효석문화제,"2025 평창효석문화제’는 이효석 문학의 백미이자, 한국문학을 대표하는 단편 소설 메밀꽃 필 무렵의 무대인 봉평장과 소금을 뿌린 듯한 하얀 메밀꽃을 배경으로 한 문학의 서정성을 기반한 문화예술마당과 지친 일상을 잠시 잊고, 흥에 취하는 신나는 공연과 소박한 먹거리 그리고 시골 장터에서 만나는 추억은 옛날 생필품을 사러 나온 동네 어르신들의 구수한 사투리와 푸짐한 인심, 다향한 풍경의 향수를 하나 더 만들며 신나게 즐기는 축제마당. 그리고, 흥정천 휴식공간으로 소중한 나를 찾는 사색의 시간으로 지친 삶의 무게를 잠시 내려놓고 내일의 희망을 그려보는 힐링마당으로 구성하였다.",무료,2026-09-01,2026-09-01,10.0,강원도,평창군,봉평면,01. 매년,1999,645,0,645,0,195000,195000,모름,01. 계측,https://www.hyoseok.com/,https://www.mcst.go.kr/site/s_culture/festival/festivalView.jsp?pSeq=11578&pRo=511&pCurrentPage=103&pOrder=01up&pPeriod=&fromDt=20200101&toDt=&pSido=&pSearchType=01&pSearchWord=,사단법인 이효석문학선양회,관리자 033-335-2323,강원특별자치도 평창군 봉평면 이효석길 157,128.371595353512,37.6140421019084,https://tong.visitkorea.or.kr/cms/resource/28/3523028_image2_1.jpg,M2_역사문화,0.2503724300929548,1.858339512509416,0.1534772684339677,0.2503724300929548,0.1118192827663698,0.1316535825361225,0.080981350976815,0.0694761490338469,0.202219936159923
평창농악축제,"평창군이 가진 아름다운 유산 중 하나, 강원도 무형문화재 둔전평농악을 바탕으로 한 축제를 성장 및 발전시키고자 개최한 전통 민속예술축제이다. 평창군 8개 읍면의 9개 단체 민속보존회의 공연과 다양한 장르의 전국의 특색 있는 민속예술 공연을 한자리에서 만나볼 수 있는 축제로, 공연 이외 전통음식 만들기, 한가위 민속놀이, 가마 체험 등 다양한 전통 민속 체험 프로그램을 운영 중에 있다.","공연관람, 민속놀이체험 : 무료 | 향토음식체험 : 유료(3천원 ~)",2026-09-01,2026-09-01,3.0,강원도,평창군,용평면,01. 매년,2019,267,0,267,0,11500,11500,모름,01. 계측,https://www.xn--980bz78al6bd8h.kr,https://www.mcst.go.kr/site/s_culture/festival/festivalView.jsp?pSeq=11595&pRo=1301&pCurrentPage=261&pOrder=01up&pPeriod=&fromDt=20200101&toDt=&pSido=&pSearchType=01&pSearchWord=,평창농악축제위원회,평창농악축제위원회 관리자 033-332-4333,강원특별자치도 평창군 용평면 장평리,128.428469009715,37.5709389733723,https://www.mcst.go.kr/attachFiles/cultureInfoCourt/localFestival/notifyFestival/1725581779013.jpg,M4_예술공연창작,0.6387415116686425,1.2658326775680655,0.0616468872601171,0.1038095050050991,0.0712202475993526,0.6387415116686425,0.0346261613711453,0.0231774184602215,0.0667782686354216
평창백일홍축제,"백일홍은 100일동안 붉게 피는 꽃으로 백일홍 또는 백일초라고 불린다. 6월~10월 사이에 개화를 하며, 인연, 행복, 순결 이라는 꽃말을 가지고 있다. 평창백일홍축제장에는 다양한 색깔의 백일홍과 코스모스, 해바라기, 넝쿨식물, 대왕참나무숲길이 조성되어 있다. 평창강변에 펼쳐진 백일홍 꽃밭을 거닐 수 있다.",유료,2026-09-01,2026-10-01,10.0,강원도,평창군,평창읍,01. 매년,2015,363,0,363,0,96261,96261,모름,01. 계측,https://www.101hongfestival.co.kr/,https://www.mcst.go.kr/site/s_culture/festival/festivalView.jsp?pSeq=11653&pRo=1286&pCurrentPage=258&pOrder=01up&pPeriod=&fromDt=20200101&toDt=&pSido=&pSearchType=01&pSearchWord=,평창백일홍축제위원회,평창백일홍축제위원회 관리자 033-330-6033,강원특별자치도 평창군 평창읍 제방길 33-6,128.385695025897,37.3626285559442,https://www.mcst.go.kr/attachFiles/cultureInfoCourt/localFestival/notifyFestival/1723509477668.jpg,M2_역사문화,1.0,-1.0000000826903709e-10,6.45688714695114e-307,1.0,6.835593336291987e-307,5.477557436295393e-307,3.30466321083776e-307,3.179126948943068e-307,6.540257288341144e-307
평창송어축제,"우리 조상들은 매년 겨울이 되면 눈이 많이 내려 옆집까지 서로 줄을 메어놓고, 그 줄을 따라 눈 터널을 만들어 왕래를 하였고, 차가운 강바람에 개여울이 일찍 합강(合江)되면 강속의 큰 바위를 망치로 두드려 겨울 물고기를 사냥해서 한끼니를 때우던 그 어렵던 시절이 있었다. 바로 이곳에 우리 선조들의 삶의 핍박을 축제로 승화시켜 눈과, 얼음, 송어가 함께하는 겨울이야기 라는 주제로 매년 12월말부터 1월말까지 평창송어축제가 한마당 펼쳐진다. 얼음 위에서 보면 오대천에서 노니는 어류가 투명하게 보이는 가운데 송어낚시의 짜릿한 손맛을 느끼며 다양한 겨울체험 행사와 함께 진정한 겨울축제의 즐거움을 함께 느낄 수 있다.",유료,2026-01-09,2026-02-09,32.0,강원도,평창군,진부면,01. 매년,2007,898,18,880,0,227725,227725,모름,01. 계측,https://www.festival700.or.kr/,https://www.mcst.go.kr/site/s_culture/festival/festivalView.jsp?pSeq=12062&pRo=76&pCurrentPage=16&pOrder=01up&pPeriod=&fromDt=20200101&toDt=&pSido=&pSearchType=01&pSearchWord=,평창송어축제위원회,관리자 033-336-4000,강원특별자치도 평창군 진부면 경강로 3562,128.556991232543,37.6331795130163,https://tong.visitkorea.or.kr/cms/resource/81/4002581_image2_1.jpg,M4_예술공연창작,1.0,-1.0000000826903709e-10,7.953403717935741e-307,4.931297196561303e-307,3.319405956692199e-307,1.0,2.831257584505363e-307,2.1315181660972902e-307,2.9519691613192656e-307
대관령눈꽃축제,"30년 전, 대한민국 겨울의 중심 대관령의 청년 여럿이 모여 눈꽃축제를 만들었다. 1993년 시작된 대관령눈꽃축제는 전국에서 가장 먼저 탄생한 겨울 축제로 30여 년의 역사를 자랑한다. 겨울철 비수기를 이겨내고 지역경제 활성화와 주민 화합을 목표로 해마다 개최되고 있으며 많은 관광객이 찾는 축제로 발전하였다. 대관령눈꽃축제는 ""동계 꿈나무 눈동이의 국가대표 성장기""를 테마로 바뀌었다. 2018 평창 올림픽을 보고 스포츠 국가대표를 꿈꾸던 평창의 마스코트 ‘눈동이’가 2026 밀라노 올림픽 국가대표로 거듭나는 과정을 초대형 눈조각과 얼음조각으로 생생하게 만날 수 있다. 눈동이의 성장 여정을 따라 펼쳐지는 다이내믹한 동계 스포츠 체험존이 준비되어 있다.",유료 (가격 홈페이지 참조),2026-02-13,2026-02-22,10.0,강원도,평창군,대관령면,01. 매년,1993,975,0,975,0,110391,110391,모름,01. 계측,https://www.snowfestival.net/,https://www.mcst.go.kr/site/s_culture/festival/festivalView.jsp?pSeq=12114&pRo=74&pCurrentPage=15&pOrder=01up&pPeriod=&fromDt=20200101&toDt=&pSido=&pSearchType=01&pSearchWord=,대관령면축제위원회,대관령면축제위원회 관리자 033-335-3995,강원특별자치도 평창군 대관령로 135-9,128.711022369115,37.6725471801648,https://tong.visitkorea.or.kr/cms/resource/89/3588789_image2_1.JPG,M4_예술공연창작,0.1972407596786656,1.907357402920312,0.1674370817379898,0.1678190400441156,0.1265247544521987,0.1972407596786656,0.1124781714411775,0.0738077564320783,0.1546924362137742
철원 화강 다슬기축제,"강원도 우수 축제로 청정 1급수인 철원군 김화읍 화강 일대에서 다슬기와 물을 테마로 개최되는 가족 관광 체험형 여름 축제이다. 다슬기축제가 펼쳐지는 김화 화강은 수심이 낮고 맑고 깨끗한 물이 흘러 남녀노소를 막론하고 누구나 즐길 수 있는 최적의 여름 물놀이 장으로 각광을 받는 곳이다. 다슬기 잡기, 20만 개 물 풍선 대전, 유수풀과 워터슬라이드, 수영장 등 다양한 프로그램이 운영된고 군사지역의 특성을 살려 최고의 정예부대 육군 제3보병사단과 함께 군 장비 전시 및 체험 등 일반인들이 쉽게 접할 수 없는 체험도 제공한다. 공식 개막 축하공연과 불꽃놀이가 한 여름밤을 수놓으며 볼거리, 먹거리, 즐길 거리가 준비되어 있다.",유료,2026-07-30,2026-08-02,4.0,강원도,철원군,김화읍,01. 매년,2007,1190,0,1190,0,300000,300000,모름,01. 계측,https://www.gcwcf.or.kr/,https://www.mcst.go.kr/site/s_culture/festival/festivalView.jsp?pSeq=12574&pRo=1380&pCurrentPage=276&pOrder=01up&pPeriod=&fromDt=20200101&toDt=&pSido=&pSearchType=01&pSearchWord=,(재)철원문화재단,관리자 033-452-3600,강원특별자치도 철원군 김화읍 호국로 6442,127.41374205266,38.2474679190922,https://www.mcst.go.kr/attachFiles/cultureInfoCourt/localFestival/notifyFestival/1721609026983.jpg,M5_가족체험,0.2759689553937768,1.8733482528030143,0.138839413156628,0.1465675762708634,0.104316435948535,0.1384690134987462,0.2759689553937768,0.0834638599702897,0.1123747457611606
청주읍성큰잔치,"1,592년 임진왜란 당시, 의⋅승병 주도의 연합군이 처음으로 성을 지켜낸 역사적 사건을 기념하는 시민참여형 역사·문화 축제이다. 청주성 전투란 왜군에게 함락되었던 청주성을 탈환한 전투로, 임진왜란 당시 육지 최초의 승리였다. 신분과 사상을 뛰어넘어 의병, 관병, 승병이 연합하여 청주 지역을 회복하고 일본군의 진출을 막아냈다는 점에서 의의가 있다. 그런 청주성 탈환 전투의 정신적, 역사적 의미를 이어가며 청주의 정체성 확립과 청주 시민의 자긍심을 높이고자 하는데 목적을 두고 있다. 시민참여와 체험 중심의 축제로 정체성과 독창성을 담은 다양한 프로그램을 만나볼 수 있다.",무료,2026-09-05,2026-09-06,2.0,충청북도,청주시,성안동,01. 매년,2009,280,0,280,0,35000,35000,모름,99. 무응답,http://www.xn--oj4bt5iegj5c8wilzcf9e.kr/,https://www.mcst.go.kr/site/s_culture/festival/festivalView.jsp?pSeq=12599&pRo=526&pCurrentPage=106&pOrder=01up&pPeriod=&fromDt=20200101&toDt=&pSido=&pSearchType=01&pSearchWord=,청주시,청주문화원 관리자 043-265-3625,충북 청주시 상당구 남사로 117,127.487442618747,36.6327686261382,https://www.mcst.go.kr/attachFiles/cultureInfoCourt/localFestival/notifyFestival/1754439367930.jpg,M4_예술공연창작,0.2516147760449636,1.822293664649184,0.1600522593962023,0.2345137786538238,0.1080830890503957,0.2516147760449636,0.0874206605384698,0.0471628419272012,0.1111525943889433
증평인삼골축제,"증평인삼골축제는 충청북도 증평군에서 매년 가을 개최되는 지역 대표 축제로, 다채로운 문화예술 공연, 체험 프로그램, 전시 및 경연 행사 등이 어우러지는 종합 문화축제다. 충북 인삼 생산량의 약 3분의 2를 차지하며 인삼의 본고장으로 자리 잡은 증평은, 오래전부터 인삼 경작과 유통의 중심지로 성장해왔고, 이 축제를 통해 지역 특산품인 인삼과 홍삼포크의 우수성을 전국은 물론 세계에 알리고 있다. 주요 프로그램으로는 인삼과 맥주를 즐기며 EDM 음악과 함께하는 ‘인맥파티(인삼맥주)’, 기네스북에 오른 200m 대형 구이판에서 품질 좋기로 유명한 증평 인삼과 홍삼을 먹고 자란 프리미엄 돼지고기 홍삼포크를 구워먹는 ‘홍삼포크삼겹살대잔치’, 국내외 청소년들이 참가하는 ‘국제청소년페스티벌’, 전 세대를 아우르는 ‘전국인삼골가요제’, 다양한 장르의 공연을 만날 수 있는 ‘전국버스킹페스티벌’ 등이 있으며, 축제 기간 동안 화려한 불꽃놀이도 매일 펼쳐져 관람객들에게 특별한 추억을 선사한다. 또한 ‘어린이가족체험존’, ‘건강체험존’ 등 다양한 테마의 체험 공간이 마련되어 있어 뿐 아니라 농특산물 현장경매, 찾아가는 전통씨름 등 남녀노소 누구나 함께 참여하고 즐길 수 있는 오감만족 체험형 축제이다. 매년 외국인 관광객도 꾸준히 늘어나며 글로벌 축제로의 성장을 이어가고 있는 만큼, 지역 농산물의 홍보와 지역경제 활성화에 크게 기여하고 있으며, 2025년 충청북도 지정 유망축제로 선정되어 그 가치를 인정받고 있다.",무료,2026-01-01,2026-01-01,4.0,충청북도,증평군,증평읍,01. 매년,1992,410,0,410,0,310000,305000,5000,99. 무응답,http://www.jeungpyeongfestival.com/,https://www.mcst.go.kr/site/s_culture/festival/festivalView.jsp?pSeq=11751&pRo=396&pCurrentPage=80&pOrder=01up&pPeriod=&fromDt=20200101&toDt=&pSido=&pSearchType=01&pSearchWord=,증평문화원,증평인삼골축제추진위원회 관리자 043-836-3400,충북 증평군 증평읍 송산리 211-2,127.575817882815,36.7866593074902,https://www.mcst.go.kr/attachFiles/cultureInfoCourt/localFestival/notifyFestival/1756081819258.jpg,M5_가족체험,1.0,-1.0000000826903709e-10,6.170670111283325e-307,7.577030149802984e-307,3.676513710158248e-307,5.235931018084187e-307,1.0,3.721157709689006e-307,3.828770099173442e-307
괴산빨간맛페스티벌,"괴산빨간맛페스티벌은 괴산의 대표 농특산물인 고추와 지역의 봄꽃 자원을 연계해 ‘빨간색’을 테마로 기획한 지역 대표 축제이다. 유기농엑스포광장과 동진천변 일원에서 공연, 체험, 먹거리, 꽃경관 콘텐츠를 운영하며, 괴산만의 특색 있는 관광자원과 계절형 축제 매력을 함께 전달하고 있다.",무료,2026-05-22,2026-05-24,3.0,충청북도,괴산군,-,01. 매년,2024,500,0,500,0,235238,235238,모름,01. 계측,https://goesanfestival.com/redflavor/,https://www.mcst.go.kr/site/s_culture/festival/festivalView.jsp?pSeq=12335&pRo=758&pCurrentPage=152&pOrder=01up&pPeriod=&fromDt=20200101&toDt=&pSido=&pSearchType=01&pSearchWord=,괴산군,괴산군축제위원회 관리자 043-830-3463,충청북도 괴산군 괴산읍 임꺽정로 92,127.786523732307,36.8145153033441,https://tong.visitkorea.or.kr/cms/resource/33/4048733_image2_1.jpg,M7_과학레저,0.255018735058001,1.8428528637354291,0.1434555083130178,0.2299059518872852,0.0945800590602646,0.1164357227108557,0.087318199914007,0.0732858230565684,0.255018735058001
괴산고추축제,"천혜의 자연환경을 자랑하는 유기농의 심장 괴산에서 괴산고추축제를 개최한다. 전국 최고의 맛을 자랑하는 괴산청결고추를 비롯한 농특산물과 다양한 체험거리, 볼거리, 먹거리를 한곳에서 즐길 수 있는 괴산고추축제는 문화체육관광부 선정 문화관광유망축제(2012년~2019년)이자 예비축제(2021~2025), 충청북도 대표 축제이다.",무료,2026-09-01,2026-09-01,4.0,충청북도,괴산군,-,01. 매년,2001,1090,0,1090,0,311152,311152,모름,01. 계측,http://spicy-fe.kr/,https://www.mcst.go.kr/site/s_culture/festival/festivalView.jsp?pSeq=3200&pRo=535&pCurrentPage=107&pOrder=01up&pPeriod=&fromDt=20200101&toDt=&pSido=&pSearchType=01&pSearchWord=,괴산군,문화관광과 공백운 02-830-3462,충북 괴산군 괴산읍 서부리 125,127.786898703587,36.8144796705141,https://www.mcst.go.kr/attachFiles/cultureInfoCourt/localFestival/notifyFestival/1754611978322.jpg,M2_역사문화,0.2413286606392705,1.8620579743120305,0.1514096468895912,0.2413286606392705,0.0990191076142621,0.1237444601532667,0.0920000898446511,0.0750272917999401,0.2174707430590179
괴산김장축제,"괴산만이 갖고 있는 천혜의 자연조건에서 재배한 배추, 청결고추와 전국최고의 명품식재료를 준비하여 번거로운 김장을 편하게 담그는 장을 마련하였다. 유기농농업군 청정자연 괴산에서 자라는 괴산시골절임배추로 맛있고 간편한 김장담그기 체험에서 운반까지 원스톱 김장체험 운영 서비스 제공한다.",무료 (일부 체험비 부분유료),2026-11-01,2026-11-01,4.0,충청북도,괴산군,-,01. 매년,2019,800,0,800,0,123394,123394,모름,01. 계측,https://gimjang.kr/,https://www.mcst.go.kr/site/s_culture/festival/festivalView.jsp?pSeq=11907&pRo=153&pCurrentPage=31&pOrder=01up&pPeriod=&fromDt=20200101&toDt=&pSido=&pSearchType=01&pSearchWord=,괴산군,괴산군축제위원회 관리자 043-830-3463,충북 괴산군 괴산읍 서부리 125,127.786898703587,36.8144796705141,https://www.mcst.go.kr/attachFiles/cultureInfoCourt/localFestival/notifyFestival/1761181276827.jpg,M2_역사문화,0.243447858926315,1.866050945028378,0.15244994241407,0.243447858926315,0.0990004096870571,0.1253157800160183,0.0941601378865399,0.0762664253830735,0.209359445686926
계룡산 산신제,"예로부터 계룡산은 호서 지방의 명산 으로써 국가 3악, 하악단(지리산), 중악단(계룡산), 상악단(금강산) 이라 하였으나 현제는 모두 소실되고 신원사 중악단 만이 남겨져 있다. 조선시대에 국가의 소사(小事)로써 조선왕조실록에는 매년 춘, 추로 향과 축을 내려 제사를 모셨다고 기록되어 있다. 계룡산 산신제 보존회는 고종 이후 소실되어진 산신제를 1998년 다시 복원하여 전통계승과 지역민들의 축제라는 주제로 치뤄지고 있다.",무료,2026-04-10,2026-04-12,3.0,충청남도,공주시,계룡면,01. 매년,1998,100,0,100,0,미집계,미집계,미집계,03. 미집계,http://www.sansinje.com/,https://www.mcst.go.kr/site/s_culture/festival/festivalView.jsp?pSeq=12215&pRo=882&pCurrentPage=177&pOrder=01up&pPeriod=&fromDt=20200101&toDt=&pSido=&pSearchType=01&pSearchWord=,계룡산전통산신제보존회,"충청남도, 공주시청 관리자 -",충남 공주시 계룡면 하대리 1235-1,127.153724301683,36.3582231690985,https://www.mcst.go.kr/attachFiles/cultureInfoCourt/localFestival/notifyFestival/1711327047758.jpg,M2_역사문화,0.2166706008817585,1.8445123328562083,0.1403747246507222,0.2166706008817585,0.1892711372384696,0.2102255670297153,0.0776849704586577,0.0463118215963894,0.1194611781442871
현충사 달빛야행,"현충사 달빛야행은 성웅 이순신 장군의 정신이 깃든 현충사를 배경으로 펼쳐지는 야간 문화축제이다. 역사적 공간이 지닌 의미와 현대적 감각의 빛 연출이 어우러진 특별한 프로그램이다. 올해는 기존의 가을밤이 아닌 봄밤을 배경으로 진행되어, 한층 부드럽고 생동감 있는 계절의 분위기 속에서 새로운 야간 콘텐츠를 선보인다. 빛으로 연출된 아름다운 야간 경관을 따라 펼쳐지는 공연·전시·체험 프로그램은 낮과는 또 다른 현충사의 매력을 깊이 있게 전달하며, 방문객들에게 색다른 문화 향유의 기회를 제공한다. 또한 다양한 체험 프로그램을 통해 남녀노소 누구나 참여할 수 있는 열린 축제의 장을 마련하고, 역사와 문화, 그리고 빛이 조화를 이루는 의미 있는 밤의 시간을 선사하고자 한다.",무료,2026-05-01,2026-05-01,3.0,충청남도,아산시,송악면,01. 매년,2018,290,0,290,0,67000,67000,모름,01. 계측,http://asanmoonlight.com/,https://www.mcst.go.kr/site/s_culture/festival/festivalView.jsp?pSeq=11939&pRo=1869&pCurrentPage=374&pOrder=01up&pPeriod=&fromDt=20200101&toDt=&pSido=&pSearchType=01&pSearchWord=,"아산시, 국가유산청 현충사관리소",(재)아산문화재단 관리자 041-540-2428,충청남도 아산시 염치읍 현충사길 126,117.99260273191,19.6944770848855,https://tong.visitkorea.or.kr/cms/resource/41/3380141_image2_1.jpg,M1_자연계절,1.0,-1.0000000826903709e-10,1.0,1.1624582614255691e-306,4.23109382404531e-307,7.785604156068679e-307,3.624184596890102e-307,1.8771675883976014e-307,4.1516265889904415e-307
서산국화축제,"잘 익은 사과나무와 어우러져 풍요로운 늦가을 정취를 만끽할 수 있는 경관 연출을 비롯해 국화 터널, 대형 하트 등의 대형 국화 작품과 다양한 국화분재, 이색적인 국화 조형물 등이 전시되어 있다. 또한 지역 농민들이 직접 재배한 농산물 직거래 장터와 먹거리 장터, 체험부스 운영 등 다양한 볼거리와 즐길 거리로 도시와 농촌이 화합하고 어우러질 수 있는 최고의 가을축제이다.",무료,2026-11-01,2026-11-01,10.0,충청남도,서산시,고북면,01. 매년,1996,180,0,180,0,76080,76080,모름,01. 계측,https://blog.naver.com/gukhwaou,https://www.mcst.go.kr/site/s_culture/festival/festivalView.jsp?pSeq=12000&pRo=1603&pCurrentPage=321&pOrder=01up&pPeriod=&fromDt=20200101&toDt=&pSido=&pSearchType=01&pSearchWord=,서산시농업기술센터,서산국화축제추진위원회 관리자 041-660-3936,충남 서산시 고북면 복남골길 31-1,126.536256034313,36.6693624702679,https://www.mcst.go.kr/attachFiles/cultureInfoCourt/localFestival/notifyFestival/1697763744983.jpg,M2_역사문화,1.0,-1.0000000826903709e-10,4.963361864657777e-307,1.0,7.653532889485343e-307,4.238485582188925e-307,2.6408508882625116e-307,2.61928956926818e-307,4.3905308928788766e-307
홍성글로벌바비큐페스티벌,"미감도시 홍성에서 열리는 2025 홍성글로벌바비큐페스티벌은 국내외 다양한 바비큐 문화를 한자리에서 즐길 수 있는 축제이다. 홍성 한우와 홍성 한돈 등 홍성의 축산 자원을 바탕으로 특색있는 바비큐 요리를 맛볼 수 있으며, 유명 유튜버와 셰프들의 요리 시연도 진행된다. 가족 단위 방문객들을 위한 다양한 공연(드론쇼, 버스킹 공연, 트로트/힙합/EDM/락 공연)과 만들기 체험도 마련되어 있어 모든 연령대가 즐길 수 있는 축제이다.",입장 무료,2026-10-29,2026-11-01,4.0,충청남도,홍성군,홍성읍,01. 매년,2023,1480,0,1480,0,600000,600000,모름,02. 추정,https://hongju.or.kr/home/content.do?menu_cd=000064,https://www.mcst.go.kr/site/s_culture/festival/festivalView.jsp?pSeq=12858&pRo=182&pCurrentPage=37&pOrder=01up&pPeriod=&fromDt=20200101&toDt=&pSido=&pSearchType=01&pSearchWord=,홍성군,(재)홍주문화관광재단 관리자 041-634-8706,충남 홍성군 홍성읍 오관리 412-6,126.660268922985,36.5993590330984,https://www.mcst.go.kr/attachFiles/cultureInfoCourt/localFestival/notifyFestival/1761698341369.jpg,M2_역사문화,0.1939219054369996,1.9248432876361827,0.1578220923166411,0.1939219054369996,0.0972812459261045,0.1427154605810784,0.156138210622996,0.1386345749882963,0.1134865101278838
하전바지락 오감체험 페스티벌,"고창 하전 바지락 오감 체험 페스티벌은 유네스코 세계 자연유산인 고창 갯벌 내 하전 마을에서 개최되는 행사이다. 하전 마을은 전국 최대 규모의 바지락 생산지이며, 해당 축제는 이 지역 특산물인 바지락을 주요 소재로 활용한다. 축제의 공간적 배경이 되는 고창갯벌은 세계적으로 보존 가치를 인정받은 청정 갯벌이다. 주요 프로그램은 방문객이 광활한 갯벌에 직접 들어가 바지락을 채취하는 갯벌 체험 활동이다. 이와 함께 축제 현장에서는 바지락을 재료로 사용하는 다양한 요리 프로그램과 먹거리 장터가 운영된다. 또한 할인된 가격으로 바지락을 구매할 수 있는 수산물 직거래 장터가 설치되어 운영된다. 하전 바지락은 5월 제철을 맞이하여 살이 오르고 특유의 쫄깃한 식감을 가진 상태이다. 축제 콘텐츠는 바지락의 식재료적 가치와 갯벌의 생태적 특성을 결합한 형태이다. 이번 축제는 고창갯벌의 자연 환경과 하전마을의 수산 자원을 결합하여 방문객에게 체험과 소비의 기회를 제공하는 지역 수산물 축제이다. 이는 고창의 지역 자산인 갯벌과 바지락을 대외적으로 홍보하고 수산물 판로를 확보하는 공식적인 행사이다.","무료 (체험 및 일부 부스, 먹거리 등 유료)",2026-05-01,2026-05-03,3.0,전라북도,고창군,심원면,01. 매년,2017,60,0,50,10,31500,31500,모름,02. 추정,https://tour.gochang.go.kr/planweb/board/view.9is?contentUid=00000000880ccad201881df981bc1243&boardUid=00000000880ccad201881e88346f17f5&dataUid=4028a6908923a9f201892543b52b1409,https://www.mcst.go.kr/site/s_culture/festival/festivalView.jsp?pSeq=13144&pRo=821&pCurrentPage=165&pOrder=01up&pPeriod=&fromDt=20200101&toDt=&pSido=&pSearchType=01&pSearchWord=,하전어촌계,하전바지락축제추진위원회 관리자 063-560-2733,전북특별자치도 고창군 심원면 서전길 55-21,126.561709913772,35.5400984759822,https://tong.visitkorea.or.kr/cms/resource/29/4059329_image2_1.jpg,M1_자연계절,0.2591612838666461,1.8672527580007308,0.2591612838666461,0.1855174629088015,0.1027575168631016,0.1636935731019188,0.1003814518231296,0.0835511184292073,0.1049375930071948
고창갯벌축제,"고창갯벌축제는 세계자연유산으로 지정된 아름다운 고창갯벌 생태계의 우수성과 가치를 알리고, 남녀노소 누구나 즐길 수 있는 참여형 체험활동 및 공연프로그램 등이 있다.","무료 (체험, 농수산물 판매부스, 먹거리부스 등 유료)",2026-06-05,2026-06-07,3.0,전라북도,고창군,심원면,01. 매년,2016,135,0,120,15,32800,32800,모름,02. 추정,https://korean.visitkorea.or.kr/kfes/detail/fstvlDetail.do?fstvlCntntsId=e61bb6ad-c6b2-415f-950b-d557a98178b7,https://www.mcst.go.kr/site/s_culture/festival/festivalView.jsp?pSeq=13200&pRo=676&pCurrentPage=136&pOrder=01up&pPeriod=&fromDt=20200101&toDt=&pSido=&pSearchType=01&pSearchWord=,"고창군, 고창군수산업협동조합",고창갯벌축제위원회 관리자 063-560-2632,전북특별자치도 고창군 심원면 연화리 산 130,126.568986012639,35.4986752740071,https://www.mcst.go.kr/attachFiles/cultureInfoCourt/localFestival/notifyFestival/1748995007782.png,M1_자연계절,0.2575896776539455,1.8691010949606144,0.2575896776539455,0.186609153347597,0.102995761982719,0.1616618504557405,0.1013077610426291,0.084121536505389,0.1057142590119797
천년나주목읍성문화축제,"나주시의 대표축제 중 하나인 천년나주목읍성문화축제에서는 봄 나들이 ‘상춘(賞春)’을 주제로 천년 역사 속 문화유산과 아름다운 역사 경관을 자랑하는 나주목(牧)의 봄맞이 풍경을 재현하고 꽃 향기 찬란한 봄날, 나주에서 즐길 수 있는 축제이다.",무료,2026-04-01,2026-04-01,3.0,전라남도,나주시,남평읍,01. 매년,2019,100,0,100,0,25000,25000,모름,02. 추정,https://www.instagram.com/najucity/p/DHIFJ0mSfEO/?img_index=1,https://www.mcst.go.kr/site/s_culture/festival/festivalView.jsp?pSeq=11902&pRo=897&pCurrentPage=180&pOrder=01up&pPeriod=&fromDt=20200101&toDt=&pSido=&pSearchType=01&pSearchWord=,"나주시, 천년나주목읍성문화추진위원회",천년나주목읍성문화축제 관리자 061-334-1551,전남 나주시 금성관길 8,126.716496961539,35.0333653027084,https://www.mcst.go.kr/attachFiles/cultureInfoCourt/localFestival/notifyFestival/1742344246657.jpg,M2_역사문화,0.6989707352795442,1.1445845717800365,0.066481151881931,0.6989707352795442,0.0425046069154497,0.0526137447006897,0.043545054260889,0.0362450358636484,0.0596396710978478
글로벌 콘텐츠 페스티벌 in 순천,"<글로벌 콘텐츠 페스티벌 in 순천>은 B2C와 B2B가 융복합되어 이루어지는 종합 콘텐츠 축제이다. 슬로건은 올텐가!(All Content Garden)로 모든 콘텐츠가 정원에 모인 행사의 약자이자 창작자들에게 보내는 순천으로 오라는 편지를 사투리를 섞어 표현하였다. 푸른광장으로 뛰어나온 다양한 콘텐츠와 드론쇼, 애니 OST 공연, 싱어롱쇼 등 매일매일 다채로운 행사가 펼쳐져 다양한 즐길거리를 제공한다. 이번 페스티벌을 통해 기업은 비즈니스 마켓을 통해 지역과 상생·성장할 수 있는 PLAY GROUND를, 학생은 애니메이션 어워즈, 업계 인사 강연을 통해 능력을 키우는 기회를, 관람객은 콘텐츠를 통해 새로운 놀거리와 문화를 향유하는 재미를 한 곳에서 만날 수 있다.",무료,2026-01-01,2026-01-01,3.0,전라남도,순천시,도사동,01. 매년,2024,1190,0,1190,0,230000,230000,모름,99. 무응답,https://sc-cf.com/SCCF/110090/index.do,https://www.mcst.go.kr/site/s_culture/festival/festivalView.jsp?pSeq=12935&pRo=1058&pCurrentPage=212&pOrder=01up&pPeriod=&fromDt=20200101&toDt=&pSido=&pSearchType=01&pSearchWord=,순천시,관리자 061-749-3114,전남 순천시 오천동 702-10,127.498148716119,34.9330360629756,https://www.mcst.go.kr/attachFiles/cultureInfoCourt/localFestival/notifyFestival/1730681450280.jpg,M6_청년마켓,1.0,-1.0000000826903709e-10,5.9251178852232055e-307,9.342823046853611e-307,5.502655266046897e-307,4.653347981953848e-307,3.745934250342876e-307,1.0,4.502685465245005e-307
피아노섬 축제,"피아노의 섬자은도가 피아노가 처음 만들어진 나라 이탈리아와 만난다. 이탈리아를 대표하는 음악인들과 자은도와 이탈리아의 만남을 상징하는 21명(둘이 하나됨)의 한국 피아니스트, 46인조 오케스트라가 함께 만드는 피아노 콘서트가 진행된다. 축제장 곳곳에 펼쳐진 피아노에서 자유롭게 연주하는 피아노 버스팅 페스타, MZ세대들의 열정이 분출하는 보라해 댄스 페스티벌과 맛있는 신안김밥페스타과 함께 진행된다.",무료,2026-04-25,2026-04-26,2.0,전라남도,신안군,자은면,01. 매년,2023,50,0,50,0,20000,20000,0,99. 무응답,https://pianoislandfestival.modoo.at/,https://www.mcst.go.kr/site/s_culture/festival/festivalView.jsp?pSeq=13088&pRo=852&pCurrentPage=171&pOrder=01up&pPeriod=&fromDt=20200101&toDt=&pSido=&pSearchType=01&pSearchWord=,신안군,피아노섬축제추진위원회 관리자 -,전남 신안군 자은면 구영리 1194-3,126.032523284756,34.8906286702509,https://www.mcst.go.kr/attachFiles/cultureInfoCourt/localFestival/notifyFestival/1713312649079.png,M1_자연계절,0.2026776941579701,1.9012953435030664,0.2026776941579701,0.1945865362065898,0.1434422552815099,0.1437049862152017,0.0965449239446417,0.0797635522268422,0.1392800519672445
월출산 국화축제,"월출산 국화축제에서 다양한 국화 전시와 함께 짙은 가을의 향기를 만끽할 수 있다. 축제 구역 곳곳에는 아름다운 조형물과 포토존이 마련되어 있으며 입구부터 시작해 주차장, 기념비광장, 야외공연장, 어린이 놀이터까지, 다채로운 볼거리가 가득한 월출산에서 가을의 매력을 느껴볼 수 있다.",무료,2026-10-30,2026-11-15,17.0,전라남도,영암군,영암읍,01. 매년,2009,미확정,0,미확정,미확정,83516,83516,모름,01. 계측,https://www.yeongam.go.kr/home/www/open_information/yeongam_news/notice/show/47y76fctlw3jjy71z9x,https://www.mcst.go.kr/site/s_culture/festival/festivalView.jsp?pSeq=11974&pRo=137&pCurrentPage=28&pOrder=01up&pPeriod=&fromDt=20200101&toDt=&pSido=&pSearchType=01&pSearchWord=,영암군,영암군 관리자 061-470-2259,전남 영암군 영암읍 기찬랜드로 19-10,126.68582588992,34.7914715931668,https://www.mcst.go.kr/attachFiles/cultureInfoCourt/localFestival/notifyFestival/1761524839549.jpg,M2_역사문화,0.656662139699757,1.2405550156578102,0.0666334028528869,0.656662139699757,0.0895114984137554,0.0565444108816872,0.0354031343990349,0.0360916100571091,0.0591538036957692
해남 공룡대축제,"해남 공룡대축제는 전라남도 해남군 황산면에 위치한 해남공룡박물관에서 매년 어린이날을 기념하여 개최되는 가족 중심의 축제이다. 2026 해남공룡대축제는 공룡이 살아있다를 주제로, 5월 2일(토)부터 5월 5일(화)까지 4일간 진행될 예정이다. 캐릭터 싱어롱쇼, 공룡로봇쇼, 다양한 서커스와 드론쇼 등 공룡 관련 다양한 컨텐츠가 함께하여 가족들에게 즐거운 추억을 만들 수 있다. 5월 2일에는 어린이날 기념식과 공룡가족음악회 등 저녁까지 공연이 이어질 예정이며, 이후 3일부터 5일까지는 주간 행사로 어린이 놀이터, 서커스, 캐릭터 싱어롱쇼가 진행된다.",무료(일부 체험프로그램 유료),2026-05-02,2026-05-05,4.0,전라남도,해남군,황산면,01. 매년,2023,600,0,600,0,135000,135000,모름,01. 계측,https://www.haenam.go.kr/,https://www.mcst.go.kr/site/s_culture/festival/festivalView.jsp?pSeq=13100&pRo=1875&pCurrentPage=375&pOrder=01up&pPeriod=&fromDt=20200101&toDt=&pSido=&pSearchType=01&pSearchWord=,해남군,관리자 061-530-5158,전남 해남군 황산면 공룡박물관길 234,126.437203068523,34.5899148665756,https://www.mcst.go.kr/attachFiles/cultureInfoCourt/localFestival/notifyFestival/1775780106019.jpg,M3_먹거리특산물,0.2810464933509448,1.8562394236614257,0.1463028493945131,0.170289564300944,0.2810464933509448,0.1239916993522542,0.0872116120904254,0.0772931094750827,0.1138646720358355
명량대첩축제,"명량대첩축제는 삼도수군통제사로 재임명된 이순신 장군의 조선수군과 전라도 어민이 1597년 9월 16일 울돌목에서 일본 수군을 물리친 세계사에서 유례없는 명량해전을 기념하는 호국 역사문화축제이다. 전라남도, 진도군, 해남군이 함께 2008년부터 17회째 개최하는 이번 축제는 ICT 융복합 기술을 활용한 멀티 미디어해전과, 퍼레이드, 지역공연 등 다양한 프로그램과 경관조명 등 볼거리로 관광객들의 이목을 끌 예정이다. 명량대첩축제는 삼도수군통제사로 재임명된 이순신 장군의 조선수군과 전라도 어민이 1597년 9월 16일 울돌목에서 일본 수군을 물리친 세계사에서 유례없는 명량해전을 기념하는 호국 역사문화축제이다. 전라남도, 진도군, 해남군이 함께 2008년부터 16회째 개최하는 이번 축제는 ICT 융복합 기술을 활용한 멀티 미디어해전과, 해군 군악의장대, 공군에어쇼, 지역공연 등 다양한 프로그램과 경관조명 등 볼거리로 관광객들의 이목을 끌 예정이다. 명량대첩축제는 삼도수군통제사로 재임명된 이순신 장군의 조선수군과 전라도 어민이 1597년 9월 16일 울돌목에서 일본 수군을 물리친 세계사에서 유례없는 명량해전을 기념하는 호국 역사문화축제이다. 전라남도, 진도군, 해남군이 함께 2008년부터 16회째 개최하는 이번 축제는 ICT 융복합 기술을 활용한 멀티 미디어해전과, 해군 군악의장대, 공군에어쇼, 지역공연 등 다양한 프로그램과 경관조명 등 볼거리로 관광객들의 이목을 끌 예정이다.",무료,2026-09-11,2026-09-13,3.0,전라남도,해남군,문내면,01. 매년,2008,700,0,700,0,150000,150000,모름,01. 계측,http://www.mldc.kr/web/,https://www.mcst.go.kr/site/s_culture/festival/festivalView.jsp?pSeq=11576&pRo=479&pCurrentPage=96&pOrder=01up&pPeriod=&fromDt=20200101&toDt=&pSido=&pSearchType=01&pSearchWord=,"전라남도, 해남군, 진도군",(재)명량대첩기념사업회 관리자 061-802-2192,전남 해남군 문내면 학동리 1467-10,126.307002947499,34.5726903446293,https://www.mcst.go.kr/attachFiles/cultureInfoCourt/localFestival/notifyFestival/1756254154571.jpg,M4_예술공연창작,0.2337890255781415,1.8431925627251704,0.1651191314987446,0.2288818767372797,0.1137494349382141,0.2337890255781415,0.0890619826368148,0.0528044574615281,0.1165940911492769
포항국제불빛축제,"‘불과 빛의 도시’ 포항에서는 해마다 대표적인 문화관광축제 포항국제불빛축제가 열린다. 포항국제불빛축제는 세계적인 철강 도시 포항을 상징하는 ‘빛’과 뜨거운 용광로를 상징하는 ‘불’의 이미지를 테마로 지난 2004년 포항시민의 날을 기념해 불꽃쇼를 개최한 것이 시작이다. 이후 국제규모 축제행사로 확대됐고 해외 유명한 불꽃팀들이 매년 참가하고 있다. 축제콘텐츠도 단순한 ‘불꽃’중심에서 탈피, 제작 공연과 불빛 퍼레이드 등 산업과 문화적 요소를 융합해 다채롭게 펼치는 화합의 축제이다.",무료,2026-11-01,2026-11-01,3.0,경상북도,포항시,두호동,01. 매년,2004,1895,55,1840,0,미집계,미집계,미집계,03. 미집계,https://festival.phcf.or.kr/fireWorks/intro.do,https://www.mcst.go.kr/site/s_culture/festival/festivalView.jsp?pSeq=12381&pRo=667&pCurrentPage=134&pOrder=01up&pPeriod=&fromDt=20200101&toDt=&pSido=&pSearchType=01&pSearchWord=,포항시,포항문화재단 관리자 054-289-7852~5,경상북도 포항시 북구 해안로 48 (항구동),129.377594275323,36.0530051077193,https://tong.visitkorea.or.kr/cms/resource/88/3484788_image2_1.jpg,M4_예술공연창작,0.2026792759924779,1.888417315385816,0.194402501498776,0.1598664788760928,0.1204043349997433,0.2026792759924779,0.0939116926992718,0.0677316193801538,0.161004096553484
호미곶한민족해맞이축전,"한반도에서 해가 가장 먼저 뜨는 호미곶에서 매년 12월 31일 오후부터 1월 새해 아침까지 2일간 개최하는 호미곶 한민족해맞이축전은 1999년 새해를 시작으로 매년 행사를 개최해 오고 있다. 한민족해맞이축전 행사는 다른 해맞이 행사와는 차별화된 이슈 행사와 다양한 프로그램 개최를 통해 호미곶을 대내·외에 널리 홍보하고 있으며, 이러한 노력으로 연간 200여만 명의 관광객이 호미곶 광장을 방문하여 약 200여억 원의 경제유발 효과가 발생하는 등 지역 경제 활성화에 크게 기여하고 있다.",무료,2026-12-31,2027-01-01,2.0,경상북도,포항시,호미곶면,01. 매년,1999,365,34,331,0,50000,50000,0,99. 무응답,https://festival.phcf.or.kr/homigot/subMain.do,https://www.mcst.go.kr/site/s_culture/festival/festivalView.jsp?pSeq=12074&pRo=979&pCurrentPage=196&pOrder=01up&pPeriod=&fromDt=20200101&toDt=&pSido=&pSearchType=01&pSearchWord=,포항시,포항문화재단 관리자 054-289-7852,경북 포항시 남구 호미곶면 해맞이로 136,129.567927882124,36.076761574449,https://www.mcst.go.kr/attachFiles/cultureInfoCourt/localFestival/notifyFestival/1733876693624.jpg,M1_자연계절,0.6794705338758098,1.1811970672759236,0.6794705338758098,0.0634911555372588,0.0474439495952341,0.0766831298843437,0.0361315558927432,0.0257342955573448,0.0710453796572653
영주 소백산철쭉제,"시민과 함께하는 영주 소백산철쭉제가 5월 25일부터 26일 양일간 영주시 서천둔치(영주교) 및 소백산 일원에서 개최된다. 소백산의 생생함을 느낄 수 있는 문보트, 하늘그네 등 철쭉 어드벤쳐 프로그램과, 분홍빛 철쭉의 낭만들 가득 담은 피크닉존, 체험존이 관광객을 반길 예정이다. 소백산 일원에서는 이벤트 프로그램과 스탬프투어가 개최되어 철쭉 개화 시기를 맞이하여 설레는 마음으로 영주를 방문하는 등산객을 맞이한다. 싱그러운 철쭉이 가득 피어나는 5월, 영주 소백산 철쭉제에서 사랑하는 가족과, 연인과, 친구와 문보트, 철쭉 휴 콘서트, 연예인 축하공연 등 설렘 가득 문화예술체험 프로그램을 통해 사랑의 기쁨을 만끽할 수 있다.",무료,2026-05-01,2026-05-01,2.0,경상북도,영주시,풍기읍,01. 매년,1983,290,0,290,0,48061,48061,0,99. 무응답,https://yctf.or.kr/azalea/,https://www.mcst.go.kr/site/s_culture/festival/festivalView.jsp?pSeq=13169&pRo=729&pCurrentPage=146&pOrder=01up&pPeriod=&fromDt=20200101&toDt=&pSido=&pSearchType=01&pSearchWord=,영주시,(재)영주문화관광재단 관리자 054-630-8703,경상북도 영주시 풍기읍 삼가로 509,128.502257343827,36.9263237388638,https://tong.visitkorea.or.kr/cms/resource/10/4010210_image2_1.jpg,M2_역사문화,0.4986385558830208,1.582423709209584,0.1093605890264194,0.4986385558830208,0.0669854364121359,0.0892236109707001,0.0890488391807647,0.061324401195103,0.0854185673318558
영주 무섬외나무다리축제,"영주 무섬외나무다리축제는 내성천 물줄기가 돌아 흐르는 육지 속의 섬마을, 무섬마을에서 세상과 통하는 유일한 통행수단인 외나무다리를 추억하고 전통문화를 체험할 수 있는 영주시 대표 축제이다.",무료,2026-10-01,2026-10-01,2.0,경상북도,영주시,문수면,01. 매년,2005,280,0,280,0,17834,17834,0,99. 무응답,https://yctf.or.kr/museom/,https://www.mcst.go.kr/site/s_culture/festival/festivalView.jsp?pSeq=11715&pRo=349&pCurrentPage=70&pOrder=01up&pPeriod=&fromDt=20200101&toDt=&pSido=&pSearchType=01&pSearchWord=,영주시,(재)영주문화관광재단 관리자 054-630-8709,경북 영주시 문수면 무섬로234번길 31-12,128.621571371272,36.7318548849167,https://www.mcst.go.kr/attachFiles/cultureInfoCourt/localFestival/notifyFestival/1693963769627.jpg,M2_역사문화,0.9498837841785058,0.2876074801019548,0.0103681812600211,0.9498837841785058,0.0062836070304109,0.0087396524257829,0.0105452899410678,0.006415885941392,0.007763599222819
경북영주 풍기인삼축제,"인삼은 기력 회복과 면연력 증진에 도움이 되는 한국의 대표적인 보양식품이다. 인삼의 영양분이 가장 많은 시기인 10월 한국에서 손꼽히는 인삼 산지 중 하나인 영주에서 풍기인삼축제가 열린다. 건강을 상징하는 인삼을 테마로 하는 축제답게 건강관련 전시와 체험 위주로 진행된다. 영양만점 풍기인삼으로 만든 인삼요리를 맛볼수 있으며 인삼깎기, 황금인삼을 찾아라! 등 풍기인삼과 관련된 재미있는 체험도 할 수 있다. 또한 지역 인삼 농민들이 정성껏 수확한 수삼과 홍삼, 인삼으로 만든 가공식품도 저렴하게 구입할 수 있다.",무료(일부 체험프로그램 유료),2026-10-01,2026-10-01,9.0,경상북도,영주시,풍기읍,01. 매년,1998,1070,0,1070,0,497419,497419,0,99. 무응답,http://pgginsengfestival.co.kr,https://www.mcst.go.kr/site/s_culture/festival/festivalView.jsp?pSeq=11724&pRo=256&pCurrentPage=52&pOrder=01up&pPeriod=&fromDt=20200101&toDt=&pSido=&pSearchType=01&pSearchWord=,영주시,(재)영주풍기인삼축제조직위원회 관리자 054-635-0020,경상북도 영주시 풍기읍 성내리,128.521518,36.868718,https://tong.visitkorea.or.kr/cms/resource/55/3563955_image2_1.jpg,M5_가족체험,1.0,-1.0000000826903709e-10,6.237766910057868e-307,7.451979690797684e-307,3.6213621773287845e-307,5.252798603926238e-307,1.0,3.602296013761685e-307,3.763960924824842e-307
영주장날 농특산물대축제,"영주 농특산물대축제는 전국 최고의 일조량과 소백산의 청정한 자연이 빚어낸 영주 농특산물을 한자리에서 만날 수 있는 행사이다. 신선한 농산물과 다양한 특산물을 통해 영주의 풍요로운 먹거리와 문화를 소개하는 지역 대표 축제이다. 2025영주장날 농특산물대축제 축제에서는 영주의 제철 농산물과 가공 특산품 전시·판매가 이루어지며, 농특산물을 활용한 시식·체험 프로그램이 마련된다. 특히 시민 참여 프로그램으로는 레그레이션(게임 및 사과럭키백), 타임세일, 덤앤덤깜짝딜, 경품쿠폰 이벤트, 깜짝 경매 이벤트 등이 운영되어 남녀노소 누구나 직접 참여하고 즐길 수 있는 현장이 조성된다.",무료,2026-11-01,2026-11-01,3.0,경상북도,영주시,-,01. 매년,2023,600,0,600,0,74068,74068,0,99. 무응답,https://yctf.or.kr/aspf/,https://www.mcst.go.kr/site/s_culture/festival/festivalView.jsp?pSeq=12859&pRo=230&pCurrentPage=46&pOrder=01up&pPeriod=&fromDt=20200101&toDt=&pSido=&pSearchType=01&pSearchWord=,영주시,관리자 054-630-8707,경북 경주시 현곡면 안현로 358-7,129.225935368731,35.8920304610264,https://www.mcst.go.kr/attachFiles/cultureInfoCourt/localFestival/notifyFestival/1761094228835.png,M2_역사문화,1.0,-1.0000000826903709e-10,8.361832688845153e-307,1.0,4.909783341549625e-307,6.922250495650223e-307,8.11941962147375e-307,4.9977868800401765e-307,6.045119930565532e-307
청도반시축제,"2025 청도반시축제가 청도 Fun(반) See(시) 축제이라는 주제로 10월 17일 금요일부터 10월 19일 일요일까지 청도야외공연장 일원에서 2025 청도세계코미디아트페스티벌과 함께 개최된다. 명품 청도반시 판매관과 전시관, 즐거운 반시놀이터와 맛있는 반시푸드존 등을 운영하고, 인간 반시 자판기, 감물 염색 체험, 감따기 체험 등 청도반시를 주제로 한 다채로운 체험 프로그램을 행사장 곳곳에서 운영할 계획이다. 청도반시 밴드 페스티벌, 지역예술인들이 꾸미는 무대, 청도예술제, 잘 살아보세와 김다현과 박서진이 함께하는 신나는 폐막식 축하공연도 함께한다.",무료,2026-10-01,2026-10-01,3.0,경상북도,청도군,화양읍,01. 매년,2007,500,20,480,0,350000,350000,0,99. 무응답,https://www.xn--hq1bz1nqxfv2f5qg4nb.kr/,https://www.mcst.go.kr/site/s_culture/festival/festivalView.jsp?pSeq=11814&pRo=297&pCurrentPage=60&pOrder=01up&pPeriod=&fromDt=20200101&toDt=&pSido=&pSearchType=01&pSearchWord=,청도군,청도반시축제추진위원회 관리자 053-249-4949,경북 청도군 화양읍 청려로 1846,128.718575901596,35.6483919761777,https://www.mcst.go.kr/attachFiles/cultureInfoCourt/localFestival/notifyFestival/1758846219392.jpg,M3_먹거리특산물,1.0,-1.0000000826903709e-10,7.088990741339153e-307,7.985514181910697e-307,1.0,5.093974253712899e-307,3.9463457949741836e-307,2.9035370161286096e-307,5.55025267954056e-307
청도세계코미디아트페스티벌,"2024 청도 세계 코미디아트 페스티벌이 ‘행복특별시 코미디 1번지’라는 주제로 10월 11일 금요일부터 10월 13일 일요일까지 청도야외공연장 일원에서 2024 청도 반시축제와 함께 개최된다. 3일 동안 야외공연장과 상설무대에는 해외 초청공연으로 일본 최대 코미디 엔터테인먼트 요시모토 스페셜 무대와 국내 초청공연으로 코믹 마임극 ‘삑삑이’, 세상 신기한 쇼를 다 보여주는 ‘SHOW MIX’, 벌룬 퍼포먼스 ‘매직 유랑단’이 관람객들을 찾아간다. 실내 극장에는 ‘김민형의 Fun한 매직쇼’, ‘김민기·홍윤화의 투깝쇼’가 관람객들에게 웃음과 즐거움을 선사할 예정이다.",무료,2026-10-01,2026-10-01,3.0,경상북도,청도군,화양읍,01. 매년,2015,648,218,430,0,350000,350000,0,99. 무응답,http://www.xn--hq1bx54atmfwzcbqh.kr/main.asp,https://www.mcst.go.kr/site/s_culture/festival/festivalView.jsp?pSeq=11813&pRo=1158&pCurrentPage=232&pOrder=01up&pPeriod=&fromDt=20200101&toDt=&pSido=&pSearchType=01&pSearchWord=,청도군,청도군 관리자 054-370-2211,경북 청도군 화양읍 청려로 1846,128.718575901596,35.6483919761777,https://www.mcst.go.kr/attachFiles/cultureInfoCourt/localFestival/notifyFestival/1694996234262.jpg,M3_먹거리특산물,1.0,-1.0000000826903709e-10,7.02723936485396e-307,7.905015921362164e-307,1.0,5.061641602003258e-307,3.942195127372994e-307,2.8903196114383127e-307,5.494319448236061e-307
고령 대가야축제,"*하기 축제장 먹거리 내용은 전년도(2025년) 축제 내용으로, 2026년도 축제 내용은 업데이트 중에 있습니다.*대가야의 독특한 역사와 문화를 배우고 즐길 수 있는, 오랜 역사를 지닌 고령군의 대표 축제이다.2025년, 고령군의 대가야 고도(古都) 지정으로 대가야 역사와 문화를 지닌 고령군의 가치가 한층 높아졌다.또한, 고령 대가야 궁성지 해자에서 대왕(大王)명 토기 출토로 대가야가 강력한 고대왕국이었음이 입증되었고, 지산동고분군이 UNESCO 세계유산으로 지정됨에 따라 대가야의 역사와 문화는 후대까지 보존하고 알려야 할 우리 역사의 중요한 유산이다.2026 고령 대가야축제에서는 ‘다시 시작되는 대가야 : RE-BORN’이라는 주제로 개최되며, 2026 고령 대가야축제를 통해 고도(古都)로 지정된 고령군의 자긍심을 키우는 축제로 도약하고자 한다.",무료(일부 체험 프로그램 유료),2026-03-27,2026-03-29,3.0,경상북도,고령군,대가야읍,01. 매년,2005,1340,40,1300,0,미집계,미집계,미집계,03. 미집계,https://www.festdgy.com/,https://www.mcst.go.kr/site/s_culture/festival/festivalView.jsp?pSeq=13408&pRo=61&pCurrentPage=13&pOrder=01up&pPeriod=&fromDt=20200101&toDt=&pSido=&pSearchType=01&pSearchWord=,고령군청,(재)고령문화관광재단 관리자 054-955-0808,경상북도 고령군 대가야로 1216 대가야역사테마관광지,128.259937737526,35.7212108501346,https://tong.visitkorea.or.kr/cms/resource/17/4057817_image2_1.jpg,M2_역사문화,0.2666860871603725,1.8344625209941088,0.1767790307828154,0.2666860871603725,0.1197029162760924,0.1826037659289213,0.0969173134183635,0.0447180186692399,0.1125928677641947
금당야행,"야경(夜警), 야로(夜路), 야설(夜說), 야식(夜食), 야사(夜史), 야숙(夜宿) 등으로 이루어진 금당야행은 아름다운 금당실마을의 가을밤을 다양한 야간 프로그램을 통해 더욱 품격있게 즐길 수 있는 야행 축제이다.",무료,2026-05-08,2026-05-09,2.0,경상북도,예천군,용문면,01. 매년,2019,60,18,42,0,11765,11765,0,01. 계측,https://www.yctf.kr/,https://www.mcst.go.kr/site/s_culture/festival/festivalView.jsp?pSeq=12837&pRo=1220&pCurrentPage=244&pOrder=01up&pPeriod=&fromDt=20200101&toDt=&pSido=&pSearchType=01&pSearchWord=,"국가유산청, 예천군",예천문화관광재단 관리자 054-650-8244,경북 예천군 용문면 금당실길 52-4,128.411577240872,36.6897384616021,https://www.mcst.go.kr/attachFiles/cultureInfoCourt/localFestival/notifyFestival/1727655902651.jpg,M1_자연계절,1.0,-1.0000000826903709e-10,1.0,1.1509790997647184e-306,4.194041694637041e-307,7.75472006507091e-307,3.641957003768704e-307,1.877287910899037e-307,4.1387964930360385e-307
남부면 수국축제,"매년 6월 중순부터 7월 중순까지는 남부면의 해안길에 흐드러지게 피는 수국을 감상할 수 있다. 20년 강산이 두 번 변한다는 긴 시간 동안 땀흘려 가꾸어 온 여름꽃의 여왕 ""수국""의 아름다움과 천혜의 자연환경을 품고 있는 거제 대표 관광지 남부면을 대외적으로 알리기 위해 매년 수국축제를 개최하고 있다.",무료,2026-06-20,2026-06-21,2.0,경상남도,거제시,남부면,01. 매년,2018,30,0,30,0,31319,31319,모름,02. 추정,https://geoje-rang.co.kr/hydrangea,https://www.mcst.go.kr/site/s_culture/festival/festivalView.jsp?pSeq=12499&pRo=654&pCurrentPage=131&pOrder=01up&pPeriod=&fromDt=20200101&toDt=&pSido=&pSearchType=01&pSearchWord=,남부면 발전협의회,남부면 수국축제위원회 관리자 055-639-6532,경남 거제시 남부면 저구리 216-6,128.606073815539,34.7307474801183,https://www.mcst.go.kr/attachFiles/cultureInfoCourt/localFestival/notifyFestival/1749688377088.jpg,M2_역사문화,0.276191971307324,1.8444892439012752,0.1508503482225365,0.276191971307324,0.1156621621930626,0.1312552155123323,0.0759474732371833,0.0670504677976724,0.1830423617298888
함안곶감축제,"아라가야의 역사가 깃든 함안곶감을 축제로 소비자여러분들의 가정으로 찾아간다. 함안곶감은 옛부터 맛과 향이 좋아 조선시대 임금님께 올리는 진상품곶감으로 유명하다. 함안수시감은 다른 품종의 감보다 무게는 제일 적지만 홍시가 되었을때 가장 달고 향이 짖은 감이다. 이 감으로 곶감을 만들어 놓으니 맛과 향, 식감이 아주좋아 전국에서 제일 맛있는 함안 수시 곶감이 탄생되었다. 소비자 여러분께서 한번 드셔보시면 타 지역 곶감보다 감칠맛이 입안을 가득채워 확실히 우수 하다는 걸 알게 될 것이다.",무료,2026-01-23,2026-01-25,3.0,경상남도,함안군,가야읍,01. 매년,2012,60,0,60,0,14800,14800,모름,01. 계측,https://korean.visitkorea.or.kr/kfes/detail/fstvlDetail.do?fstvlCntntsId=8148faba-f3c7-4043-aecc-a360156eecbd,https://www.mcst.go.kr/site/s_culture/festival/festivalView.jsp?pSeq=12120&pRo=960&pCurrentPage=192&pOrder=01up&pPeriod=&fromDt=20200101&toDt=&pSido=&pSearchType=01&pSearchWord=,함안곶감축제위원회,관리자 055-580-4554,경상남도 함안군 함안대로 619-4 함안스포츠타운,128.398004828995,35.2804083824487,https://tong.visitkorea.or.kr/cms/resource/72/4001272_image2_1.jpg,M2_역사문화,0.1979457777859794,1.9010243925219168,0.1954654048165848,0.1979457777859794,0.1346227048224028,0.1694407615284833,0.1099563195079314,0.079690180441606,0.1128788510970121
강주해바라기 축제,"강주해바라기 축제는 2013년 1회를 시작으로 올해 13회를 맞는다. 18일 오전 11시 축제 시작을 알리는 개막행사를 시작으로 공연과 농특산물 판매, 먹거리마당 등이 다채롭게 펼쳐진다. 강주마을 일원에서 열리는 강주해바라기 축제는 식재면적 총 4만2,500㎡ 규모 내 해바라기와 백일홍, 이색 박터널이 방문객을 맞이한다. 성공적인 축제 개최를 위해 마을 주민들이 힘을 모아 비료살포, 비닐멀칭 등을 통해 해바라기가 잘 자랄 수 있도록 사전작업을 하였으며, 해바라기를 정성스럽게 파종하고 온 힘을 쏟아 재배관리를 하였다. 당신을 기다립니다와 같은 해바라기의 꽃말과 같이 초여름의 파란 하늘 아래 태양 같이 활짝 핀 수십만 송이의 해바라기가 관람객들을 기다리고 있다.","유료(입장료 : 3,000원)/ 장애인, 미취학 아동, 법수면민, 만70세이상(무료입장)",2026-06-18,2026-07-06,19.0,경상남도,함안군,법수면,01. 매년,2013,181,0,181,0,71100,71100,모름,01. 계측,https://blog.naver.com/arahaman/223888107268,https://www.mcst.go.kr/site/s_culture/festival/festivalView.jsp?pSeq=12498&pRo=639&pCurrentPage=128&pOrder=01up&pPeriod=&fromDt=20200101&toDt=&pSido=&pSearchType=01&pSearchWord=,강주마을,강주해바라기축제위원회 관리자 -,경남 함안군 법수면 강주리,128.331384532737,35.3209650078143,https://www.mcst.go.kr/attachFiles/cultureInfoCourt/localFestival/notifyFestival/1749689385370.jpg,M7_과학레저,0.228709790966764,1.862458029861026,0.1582183712405563,0.2109128838790237,0.108088984481998,0.1476560043905693,0.080050557869798,0.0663634071712904,0.228709790966764
아라가야문화제,"함안 아라가야문화제는 보다 다양한 역사 문화 콘텐츠를 발굴해 찬란한 아라가야의 역사와 문화를 재조명하고 풍성한 축제를 진행하며 다양한 주제공연, 축하 퍼포먼스 등 축제의 장을 펼친다. 아라가야를 직접 체험해 볼 수 있는 역사체험 코스와, 기마무사체험과 행렬 체험이 준비되어있고 말이산 고분군에서의 다양한 체험 프로그램과 마라톤대회, 그리고 불꽃, 아라가야를 깨우다라는 주제공연이 준비되어있다.",무료,2026-09-18,2026-09-20,3.0,경상남도,함안군,가야읍,01. 매년,1988,550,0,550,0,43806,43806,모름,02. 추정,http://www.araje.or.kr/,https://www.mcst.go.kr/site/s_culture/festival/festivalView.jsp?pSeq=12845&pRo=373&pCurrentPage=75&pOrder=01up&pPeriod=&fromDt=20200101&toDt=&pSido=&pSearchType=01&pSearchWord=,아라가야문화제위원회,관리자 055-585-9400,경남 함안군 가야읍 말산리 325-1,128.406517507666,35.2704698595357,https://www.mcst.go.kr/attachFiles/cultureInfoCourt/localFestival/notifyFestival/1756944804999.jpg,M2_역사문화,0.2735365563300362,1.8278271740902592,0.1779302864935367,0.2735365563300362,0.1175410084711285,0.1810713958653342,0.0961050527063998,0.0438510240496333,0.1099646760839312
"하동을 먹다, 하동별맛축제",지역을 대표할 수 있는 음식을 재발굴 하고 세상에 하나밖에 없는 하동의 맛으로 미식가들의 입맛을 사로잡기 위한 먹거리 축제 개최한다.,입장료 무료,2026-10-01,2026-10-01,0.0,경상남도,하동군,하동읍,01. 매년,2024,280,0,280,0,45000,45000,모름,02. 추정,https://www.hadong.go.kr/02641/02652/04970.web,https://www.mcst.go.kr/site/s_culture/festival/festivalView.jsp?pSeq=12699&pRo=1198&pCurrentPage=240&pOrder=01up&pPeriod=&fromDt=20200101&toDt=&pSido=&pSearchType=01&pSearchWord=,한국생활개선 하동군연합회,관리자 055-880-6582,경남 하동군 하동읍 섬진강대로 2107-3,127.745053890771,35.0623867626605,https://www.mcst.go.kr/attachFiles/cultureInfoCourt/localFestival/notifyFestival/1725323765538.png,M2_역사문화,0.2436768337105934,1.8798159486583652,0.1692625522289384,0.2436768337105934,0.1167120936055834,0.1306650942923812,0.0886043282274447,0.0795061419619196,0.171572955973139
산청황매산철쭉제,"전국 최고의 철쭉 군락지인 산청 황매산의 아름다운 능선을 따라 매년, 철쭉이 만개하는 시기에 열리는 산청의 대표적인 봄꽃 축제로 올해는 산청, 봄이 피어나는 찰나라는 주제로 개최된다. 웅장한 기암절벽이 천혜의 비경을 자아내 작은 금강산이라고도 불리는 산청 황매산은 전국 각지에서 찾은 많은 관광객들이 마지막 봄꽃 여행을 즐겨볼 수 있는 명소로 자리잡았다. 산청황매산철쭉제는 단순한 꽃 구경을 넘어 황매산에서 보내는 느리게 가는 러브레터, 황매산어린이스탬프투어와 함께 다양한 체험프로그램과 지역 특산물 장터 등을 함께 즐길 수 있도록 구성되어 있다. 바쁜 일상 속에서 자연과 사람이 어우러지는 힐링의 시간을 경험할 수 있다.",무료,2026-05-01,2026-05-11,11.0,경상남도,산청군,차황면,01. 매년,1982,232,0,232,0,43554,43554,모름,01. 계측,http://hwangmaefestival.com/,https://www.mcst.go.kr/site/s_culture/festival/festivalView.jsp?pSeq=13151&pRo=1895&pCurrentPage=379&pOrder=01up&pPeriod=&fromDt=20200101&toDt=&pSido=&pSearchType=01&pSearchWord=,산청군,산청황매산철쭉제위원회 관리자 055-970-7202,경남 합천군 가회면 둔내리 산 219,127.974661471297,35.4942916539699,https://www.mcst.go.kr/attachFiles/cultureInfoCourt/localFestival/notifyFestival/1776298117504.jpg,M5_가족체험,0.2477777759171857,1.8680228059399544,0.1553798776491526,0.2004271387001191,0.0881878021149344,0.1277871882607898,0.2477777759171857,0.0856497454646937,0.0947904718931244
산청한방약초축제,"제25회를 맞이한 대한민국 대표 약초축제이다. 지리산 청정지역의 약초자원과 소설 동의보감을 기반으로, 2001년 전국최초의 한의약 테마관광지 조성 등 역사와 문화, 자연 조건을 최대한 활용하여 축제를 통해 산청한방약초의 우수성을 홍보하고 현대인들의 최대 관심사인 웰니스, 항노화 관련 산업을 연계한 산업형 축제이다. 산청의 우수한 약초의 효능을 직접 체험해 보는 산청한약방체험, 내몸의 보약체험, 웰니스헬스투어 등이 준비되어 있다.",무료(일부 유료),2026-10-02,2026-10-11,10.0,경상남도,산청군,금서면,01. 매년,2001,2040,0,2040,0,미집계,미집계,미집계,03. 미집계,http://scherb.or.kr/,https://www.mcst.go.kr/site/s_culture/festival/festivalView.jsp?pSeq=11698&pRo=333&pCurrentPage=67&pOrder=01up&pPeriod=&fromDt=20200101&toDt=&pSido=&pSearchType=01&pSearchWord=,산청축제관광재단,산청축제관광재단 관리자 055-970-6670,경상남도 산청군 금서면 동의보감로555번길 45-6,127.829359439356,35.441065969865,https://tong.visitkorea.or.kr/cms/resource/88/3523088_image2_1.JPG,M5_가족체험,0.3613591333916408,1.7683277771743071,0.1319809897207787,0.1649498242142306,0.0764651509116441,0.1101615346669041,0.3613591333916408,0.0741773192528247,0.0809060478419769
지리산산청곶감축제,산청곶감의 원료감인 산청 고종시는 2016년부터 2024년까지 9년 연속 대한민국 대표과일로 선정되었다. 뿐만 아니라 2016년부터 2023년까지 대한민국 축제콘텐츠 8년 연속 대상에 선정되었다. 또한 산청곶감은 2016년부터 지금까지 대한민국 대표브랜드 대상 7회 선정되었다. 이는 산청곶감의 맛과 품질이 전국 최고임을 인증한다. 산청곶감은 국내 유일하게 전통방식인 도넛 모양으로 만들어진다. 자연당도가 높고 부드러우면서 차진 식감이 탁월하며 조선시대 고종황제 진상품으로도 유명하다. 영국 엘리자베스 여왕 선물로 채택되어 여왕으로부터 감사 서한을 받은 곶감이 바로 지리산 산청곶감이다. 청와대 설 선물 등 맛과 멋에서 브랜드가치를 높이 평가받고 있으며 2025년 1월 2일 (목) ~ 1월 5일(일)까지 열리는 이번 지리산산청곶감축제는 전국민이 참여할 수 있는 다양한 전시 체험 판매 행사와 온라인 이벤트 등 다채로운 프로그램으로 운영된다.,무료(일부 유료),2026-01-08,2026-01-11,4.0,경상남도,산청군,시천면,01. 매년,2008,250,0,180,70,17686,17686,모름,02. 추정,http://www.gotgam.center,https://www.mcst.go.kr/site/s_culture/festival/festivalView.jsp?pSeq=12118&pRo=965&pCurrentPage=193&pOrder=01up&pPeriod=&fromDt=20200101&toDt=&pSido=&pSearchType=01&pSearchWord=,지리산산청곶감작목연합회,지리산산청곶감축제위원회 관리자 055-973-0085,경남 산청군 시천면 천평리 440,127.836849222509,35.2743325130592,https://www.mcst.go.kr/attachFiles/cultureInfoCourt/localFestival/notifyFestival/1704240486061.jpg,M2_역사문화,0.1979458830634885,1.90102443221544,0.1954652960648636,0.1979458830634885,0.1346227109934057,0.1694406751450466,0.1099563662758167,0.0796901916025739,0.1128788768548046
제주 무형유산 대전,"<2024 제주 무형 유산 대전>은 제주의 소중한 무형 유산의 가치를 알리는 종합축제로 제주 무형 유산의 가치 확산과 전승자의 자부심, 전승의지를 고취시키고 제주도민 및 관광객들에게 제주의 무형 유산을 체험하고 향유할 수 있는 기회를 제공하는 축제이다.",무료,2026-10-01,2026-10-01,2.0,제주특별자치도,제주시,-,01. 매년,2022,182,0,182,0,2946,모름,모름,01. 계측,https://www.instagram.com/p/C52szOGLhrq/?img_index=1,https://www.mcst.go.kr/site/s_culture/festival/festivalView.jsp?pSeq=12343&pRo=1502&pCurrentPage=301&pOrder=01up&pPeriod=&fromDt=20200101&toDt=&pSido=&pSearchType=01&pSearchWord=,제주특별자치도,관리자 064-746-7522,경남 창원시 진해구 신항동로 105,128.816601319101,35.0882794237538,https://www.mcst.go.kr/attachFiles/cultureInfoCourt/localFestival/notifyFestival/1713918124337.png,M4_예술공연창작,0.2399203686725234,1.8567598290281504,0.189023604119196,0.1562817139158351,0.1027256869401024,0.2399203686725234,0.0808261635198829,0.0612151141939545,0.1700073486385055
탐라문화제,"*하기 축제 먹거리 정보는 전년도(2024년) 정보로, 2025년도 축제 먹거리 정보는 업데이트 중에 있습니다.* 제주는 1만 8천 신들의 고향으로 그 속에 사는 제주인들과 생사의 벗이 되고, 섬이란 특성으로 바다에서 생활할 수 밖에 없는 제주인의 의지와 정체성을 담고 있다.",무료,2026-10-01,2026-10-01,5.0,제주특별자치도,제주시,-,01. 매년,1962,1440,0,1440,0,75101,75101,모름,99. 무응답,http://www.tamnafestival.kr/,https://www.mcst.go.kr/site/s_culture/festival/festivalView.jsp?pSeq=11695&pRo=317&pCurrentPage=64&pOrder=01up&pPeriod=&fromDt=20200101&toDt=&pSido=&pSearchType=01&pSearchWord=,제주특별자치도,제61회탐라문화제 추진위원회 관리자 064-753-3287,경기 고양시 덕양구 도내동,126.862965198087,37.6221485405323,https://www.mcst.go.kr/attachFiles/cultureInfoCourt/localFestival/notifyFestival/1757467481598.jpg,M4_예술공연창작,1.0,-1.0000000826903709e-10,7.116880925268698e-307,5.8255496246668046e-307,3.817259007678309e-307,1.0,3.248819478096464e-307,2.468254203710402e-307,8.002714656542895e-307
